,track_name,track_id,artist_name,artist_id,album_name,release_date,duration_ms,explicit,track_number,popularity,data_collection_date,danceability,energy,key,loudness,mode,speechiness,acousticness,instrumentalness,liveness,valence,tempo,time_signature,artist_genres,artist_popularity,artist_followers
0,Out Of Nowhere,1MojYZKIaRNS47VIOo6f3t,Ronnie Cuber,0ugeHL6lEUsqwhHjTebNpV,Boplicity,2012-02-10,404933,False,8,2,2024-11-06,0.486,0.221,7,-18.982,1,0.0548,0.653,0.746,0.121,0.292,90.186,4,['hard bop'],21,3429
1,Boplicity,6dbwOE5tAZvL6oScvAektw,Miles Davis,0kbYTNQb4Pb1rPbbaF0pT4,"All That Jazz, Vol. 44: Miles Davis, Vol. 3 – Cool Boplicity in Hackensack (Remastered 2015)",2015-10-02,179707,False,9,1,2024-11-06,0.606,0.13,5,-14.476,1,0.0446,0.993,0.642,0.144,0.565,66.976,4,"['cool jazz', 'hard bop', 'jazz', 'jazz fusion', 'jazz trumpet', 'soul', 'vocal jazz']",64,2594975
2,Boppy's Back - Demo,3nPfkM7XrAz5znjYtgQtXX,Heart,34jw2BbxjoYalTp8cJFCPv,Strange Euphoria,2012,127853,False,7,1,2024-11-06,0.426,0.495,2,-8.507,1,0.0305,0.398,8.17e-06,0.43,0.481,107.234,4,"['album rock', 'classic rock', 'glam metal', 'hard rock', 'mellow gold', 'new wave pop', 'rock', 'singer-songwriter', 'soft rock']",69,2695836
3,BOP,2UUUop2G1HIg5CBPzfVvJq,Raimundos,3CfJckVRuukdJSvK3r89yJ,Cantigas de Roda,2014-04-08,194586,False,2,16,2024-11-06,0.478,0.964,4,-5.492,1,0.16,0.201,0.0,0.166,0.53,171.922,4,"['brazilian punk', 'brazilian punk rock', 'brazilian reggae', 'brazilian rock', 'hard rock brasileiro', 'rock brasiliense', 'rock nacional brasileiro']",63,1543724
4,Bop Alley,6TRZUjNULoYe9ZekffbLv1,Art Blakey & The Jazz Messengers,6ykfXAed2KOLOMI3R0TZdz,New Sounds,1991-01-01,192000,False,11,2,2024-11-06,0.515,0.696,4,-11.396,0,0.149,0.874,0.0241,0.111,0.769,134.969,4,"['bebop', 'hard bop', 'jazz', 'jazz drums']",49,232386
5,BOP - SYEP015,7Ij4BKzDwSPx9ZNNBzOlkm,VIVEZ,6PYyQDk2Y7ybvYDzbM3qYM,Thermal (SYEP015),2023-07-14,368250,False,3,1,2024-11-06,0.759,0.931,7,-9.891,1,0.0915,0.00204,0.903,0.11,0.674,146.029,4,['hardgroove'],11,766
6,Bopsy,7sAHcmxc8w0Mnq6Db1msrc,Elvin Jones,4dUMhhUjQ2YcNTvab29hYF,IT DON'T MEAN A THING… (Remaster),2014-10-15,263026,False,7,0,2024-11-06,0.521,0.612,2,-10.489,1,0.0635,0.449,4.91e-05,0.204,0.484,131.29,4,"['bebop', 'contemporary post-bop', 'hard bop', 'jazz', 'jazz drums']",35,52702
7,Boplicity,5NgpSYqoLZxkSqrRoaUwCv,Miles Davis,0kbYTNQb4Pb1rPbbaF0pT4,Jazz Legends: Miles Davis,2022-09-24,182293,False,18,1,2024-11-06,0.477,0.205,5,-13.356,1,0.0395,0.939,0.000287,0.123,0.425,135.133,4,"['cool jazz', 'hard bop', 'jazz', 'jazz fusion', 'jazz trumpet', 'soul', 'vocal jazz']",64,2594975
8,Bop Til You Drop - Single Version,4Eu7V4TvsYTPgqE2U4vmuV,Rick Springfield,6IFXsrXBpwbIqtOUOiAa3p,Written In Rock: The Rick Springfield Anthology,2005,241160,False,4,4,2024-11-06,0.688,0.957,10,-5.665,0,0.0535,0.0901,0.000378,0.132,0.721,118.384,4,"['album rock', 'australian rock', 'classic rock', 'glam metal', 'hard rock', 'mellow gold', 'new romantic', 'new wave pop', 'soft rock', 'yacht rock']",64,860102
9,Boplicity,40fBvMJoJy2ltZwBIv8ujo,Miles Davis,0kbYTNQb4Pb1rPbbaF0pT4,Jazz Profile,1998-01-01,182293,False,2,1,2024-11-06,0.477,0.205,5,-13.356,1,0.0391,0.939,0.000287,0.123,0.424,135.158,4,"['cool jazz', 'hard bop', 'jazz', 'jazz fusion', 'jazz trumpet', 'soul', 'vocal jazz']",64,2594975
10,Boplicity - Live at Montreux; 2015 Remaster,6R9fj2eP1uMAvUp1JyGwCw,Miles Davis,0kbYTNQb4Pb1rPbbaF0pT4,The Last Word - The Warner Bros. Years,2002-08-20,220453,False,2,1,2024-11-06,0.493,0.321,5,-15.198,1,0.0533,0.686,0.0294,0.692,0.363,116.332,4,"['cool jazz', 'hard bop', 'jazz', 'jazz fusion', 'jazz trumpet', 'soul', 'vocal jazz']",64,2594975
11,"Bop 'Til You Drop - from ""Hard to Hold"" - Original Soundtrack",7iJ3uLcGqyzQWO6VNToqgN,Rick Springfield,6IFXsrXBpwbIqtOUOiAa3p,VH1 Music First: Behind The Music - The Rick Springfield Collection,2000-09-07,257466,False,14,0,2024-11-06,0.711,0.778,11,-8.133,0,0.0389,0.0456,5.26e-06,0.304,0.639,115.472,4,"['album rock', 'australian rock', 'classic rock', 'glam metal', 'hard rock', 'mellow gold', 'new romantic', 'new wave pop', 'soft rock', 'yacht rock']",64,860102
12,BOP - Lysander Remix,3fglvIii5mR4YWAmrFbBvB,VIVEZ,6PYyQDk2Y7ybvYDzbM3qYM,Thermal (Remixes) [SYEP026],2024-07-05,413500,False,7,0,2024-11-06,0.725,0.884,10,-8.869,0,0.0984,0.208,0.844,0.17,0.234,146.003,4,['hardgroove'],11,766
13,Bop,7tDxBY2rLHUucJNlEO9vkp,Raimundos,3CfJckVRuukdJSvK3r89yJ,Cantigas de Garagem,2014-11-24,188440,False,2,17,2024-11-06,0.424,0.995,11,-2.189,1,0.16,0.0773,0.0,0.214,0.247,175.981,4,"['brazilian punk', 'brazilian punk rock', 'brazilian reggae', 'brazilian rock', 'hard rock brasileiro', 'rock brasiliense', 'rock nacional brasileiro']",63,1543724
14,Bop 'Til You Drop - Single Version,31ly5dBQPsTCYgXwKWXIC7,Rick Springfield,6IFXsrXBpwbIqtOUOiAa3p,We Are The '80s,2006,240280,False,11,1,2024-11-06,0.686,0.947,10,-6.229,0,0.0555,0.0857,0.000281,0.176,0.709,118.431,4,"['album rock', 'australian rock', 'classic rock', 'glam metal', 'hard rock', 'mellow gold', 'new romantic', 'new wave pop', 'soft rock', 'yacht rock']",64,860102
15,Be-Bop,0x2A58sYZd8PgfNvsQ0Iza,Milt Jackson,23i8EixXKG0EWGRCfHlUGN,Heavyweight Champion: The Complete Atlantic Recordings,1995-08-15,480266,False,6,7,2024-11-06,0.418,0.345,5,-16.092,1,0.0546,0.724,2.2e-06,0.108,0.753,78.961,4,"['bebop', 'contemporary post-bop', 'hard bop', 'jazz', 'jazz vibraphone', 'soul jazz']",40,38195
16,Stella by Starlight,4ywjeh9zq5fVGFd5zfqYwn,Art Blakey & The Jazz Messengers,6ykfXAed2KOLOMI3R0TZdz,Hard Bop (Expanded Edition),1957-04-01,534306,False,2,9,2024-11-06,0.744,0.477,8,-11.074,1,0.074,0.524,0.00439,0.107,0.725,97.678,4,"['bebop', 'hard bop', 'jazz', 'jazz drums']",49,232386
17,Misty,4sSCcpGiYh2CDJViSl7umO,Freddie Hubbard,0fTHKjepK5HWOrb2rkS5Em,Post Bop,2005-04-19,358400,False,8,5,2024-11-06,0.43,0.268,8,-13.186,1,0.0433,0.932,0.932,0.0838,0.371,87.255,4,"['bebop', 'contemporary post-bop', 'hard bop', 'jazz', 'jazz trumpet']",43,176571
18,Let's Be-Bop,4XfcCASkQFhRAAaFmmvAzg,REO Speedwagon,55vs7NT1KxcFjbMC4y202E,Good Trouble,1982-06-11,193773,False,8,10,2024-11-06,0.352,0.63,9,-11.442,1,0.0321,0.0175,0.0,0.0719,0.636,165.168,4,"['album rock', 'classic rock', 'glam metal', 'hard rock', 'mellow gold', 'rock', 'soft rock']",66,2643422
19,My Heart Stood Still,7FkLQX4qizAza0vlscyZaB,Art Blakey & The Jazz Messengers,6ykfXAed2KOLOMI3R0TZdz,Hard Bop (Expanded Edition),1957-04-01,438173,False,3,6,2024-11-06,0.501,0.603,7,-10.788,0,0.1,0.576,0.176,0.117,0.73,154.193,3,"['bebop', 'hard bop', 'jazz', 'jazz drums']",49,232386
20,There Will Never Be Another You,40HEPMxZwO58MYL9hKgBQI,Hank Mobley,5cbutZUQE7SUCA6MsEMbBv,The Birth Of Hard Bop,2010-01-27,349133,False,4,13,2024-11-06,0.49,0.324,0,-12.306,0,0.0418,0.802,0.035,0.137,0.699,102.551,4,"['bebop', 'hard bop', 'jazz', 'jazz saxophone']",50,96240
21,Myopia (Bop remix),66vHYOXL4TsSUtQ5bt1jee,Enter Shikari,31jvzuB4ikftPQZJwrYfCF,The Mindsweep: Hospitalised,2015-10-30,314193,False,6,3,2024-11-06,0.578,0.792,7,-8.395,0,0.0979,0.0171,0.103,0.493,0.0376,167.935,4,"['british alternative rock', 'nintendocore', 'trancecore', 'uk metalcore', 'uk post-hardcore']",56,463356
22,Little Melonae,7y3gzuIreXIHcRBe8k0NuK,Art Blakey & The Jazz Messengers,6ykfXAed2KOLOMI3R0TZdz,Hard Bop (Expanded Edition),1957-04-01,501933,False,4,5,2024-11-06,0.543,0.454,10,-11.684,0,0.144,0.513,0.00311,0.302,0.589,178.93,4,"['bebop', 'hard bop', 'jazz', 'jazz drums']",49,232386
23,Stanley's Stiff Chickens,0Uw2SRhKLXp5u7yW7ZPbTe,Art Blakey & The Jazz Messengers,6ykfXAed2KOLOMI3R0TZdz,Hard Bop (Expanded Edition),1957-04-01,578573,False,5,4,2024-11-06,0.682,0.316,2,-14.197,0,0.197,0.584,0.247,0.111,0.567,74.834,4,"['bebop', 'hard bop', 'jazz', 'jazz drums']",49,232386
24,Nica's Tempo,2TKBLovJgRGggzlH1WGrQj,Art Blakey & The Jazz Messengers,6ykfXAed2KOLOMI3R0TZdz,Hard Bop (Expanded Edition),1957-04-01,499413,False,6,6,2024-11-06,0.614,0.476,5,-12.239,0,0.0614,0.319,0.00922,0.11,0.57,115.971,4,"['bebop', 'hard bop', 'jazz', 'jazz drums']",49,232386
25,Be-Bop - Mono Version,5QRevmfWUmxQYjVCuu6lfH,Milt Jackson,23i8EixXKG0EWGRCfHlUGN,The Atlantic Years in Mono,2016-06-10,481600,False,4,7,2024-11-06,0.372,0.453,5,-12.423,0,0.0661,0.779,9.96e-06,0.125,0.666,154.533,4,"['bebop', 'contemporary post-bop', 'hard bop', 'jazz', 'jazz vibraphone', 'soul jazz']",40,38195
26,I Married An Angel,7rCICCMWYKHp5Q63MXbUOH,Donald Byrd,3ZUZYvTkSr7kJQyAXVpqaL,The Birth Of Hard Bop,2010-01-27,418360,False,2,13,2024-11-06,0.482,0.134,2,-14.349,0,0.0393,0.974,0.493,0.111,0.215,140.103,4,"['bebop', 'hard bop', 'jazz', 'jazz funk', 'jazz trumpet', 'soul jazz']",49,137588
27,Walkin',0Bvjb6BHDKfSpaFNuASHny,Miles Davis,0kbYTNQb4Pb1rPbbaF0pT4,"All That Jazz, Vol. 44: Miles Davis, Vol. 3 – Cool Boplicity in Hackensack (Remastered 2015)",2015-10-02,806890,False,5,19,2024-11-06,0.605,0.205,5,-11.766,1,0.0522,0.861,0.458,0.114,0.486,126.302,4,"['cool jazz', 'hard bop', 'jazz', 'jazz fusion', 'jazz trumpet', 'soul', 'vocal jazz']",64,2594975
28,The Jazz Message,2hxxaQ5VAPyedHL7wbWSLB,Donald Byrd,3ZUZYvTkSr7kJQyAXVpqaL,The Birth Of Hard Bop,2010-01-27,482373,False,3,13,2024-11-06,0.642,0.125,3,-19.759,1,0.0647,0.893,0.808,0.0913,0.374,108.461,4,"['bebop', 'hard bop', 'jazz', 'jazz funk', 'jazz trumpet', 'soul jazz']",49,137588
29,Luana,4PaoIYIxzWk4soOGeWEip5,Freddie Hubbard,0fTHKjepK5HWOrb2rkS5Em,Hard Bop Trumpet,2021-06-04,604973,False,7,2,2024-11-06,0.402,0.594,9,-7.98,0,0.0617,0.69,0.0055,0.103,0.592,176.592,4,"['bebop', 'contemporary post-bop', 'hard bop', 'jazz', 'jazz trumpet']",43,176571
30,Just for Marty,3e1I9Wz2CTBwKkoIFpt0SJ,Art Blakey & The Jazz Messengers,6ykfXAed2KOLOMI3R0TZdz,Hard Bop (Expanded Edition),1957-04-01,348626,False,8,4,2024-11-06,0.536,0.505,8,-12.211,1,0.0649,0.295,0.128,0.0318,0.826,134.829,4,"['bebop', 'hard bop', 'jazz', 'jazz drums']",49,232386
31,Dee's Dilemma,5OSnqx0pODSr2TwxKAfToJ,Art Blakey & The Jazz Messengers,6ykfXAed2KOLOMI3R0TZdz,Hard Bop (Expanded Edition),1957-04-01,508026,False,7,4,2024-11-06,0.65,0.31,7,-13.32,0,0.0682,0.384,0.0847,0.0928,0.338,136.387,4,"['bebop', 'hard bop', 'jazz', 'jazz drums']",49,232386
32,Gershwin Medley,32OTurhk3pCycM7SRVY1ia,Art Blakey & The Jazz Messengers,6ykfXAed2KOLOMI3R0TZdz,Hard Bop (Expanded Edition),1957-04-01,290573,False,9,4,2024-11-06,0.484,0.103,10,-16.968,1,0.0848,0.758,0.831,0.158,0.154,81.657,4,"['bebop', 'hard bop', 'jazz', 'jazz drums']",49,232386
33,Be-Bop,2N6BfHbXotq5i6smIOyRoQ,Bud Powell,570vCzcespB48HIQyTbDO6,Blues In The Closet,1956-01-01,144133,False,11,5,2024-11-06,0.55,0.309,5,-18.173,0,0.038,0.719,0.574,0.233,0.524,85.95,4,"['bebop', 'hard bop', 'jazz', 'jazz piano']",42,114218
34,Open Sesame,6VlE9gde5vYYItA43hWB4e,Freddie Hubbard,0fTHKjepK5HWOrb2rkS5Em,Hard Bop Trumpet,2021-06-04,431733,False,1,3,2024-11-06,0.492,0.658,5,-7.994,0,0.0413,0.505,0.00219,0.103,0.776,130.207,4,"['bebop', 'contemporary post-bop', 'hard bop', 'jazz', 'jazz trumpet']",43,176571
35,Hub Cap,2UoJ6sqjz7S9An3oIAhBVJ,Freddie Hubbard,0fTHKjepK5HWOrb2rkS5Em,Hard Bop Trumpet,2021-06-04,317186,False,3,3,2024-11-06,0.427,0.791,5,-7.399,0,0.0783,0.507,0.0022,0.0607,0.825,151.801,4,"['bebop', 'contemporary post-bop', 'hard bop', 'jazz', 'jazz trumpet']",43,176571
36,Osie Mae,13nPRP7viaseBUmyekYK7A,Freddie Hubbard,0fTHKjepK5HWOrb2rkS5Em,Hard Bop Trumpet,2021-06-04,413640,False,5,2,2024-11-06,0.48,0.685,3,-7.488,0,0.107,0.747,0.0182,0.153,0.67,143.142,4,"['bebop', 'contemporary post-bop', 'hard bop', 'jazz', 'jazz trumpet']",43,176571
37,Be Bop,57cXgiWaAOK9iTIvrtjzYU,Kenny Dorham,2fMvylhnE23sAlyePKK8er,Blues In Bebop,1998-10-06,195600,False,17,0,2024-11-06,0.567,0.515,10,-10.169,0,0.206,0.876,0.803,0.109,0.768,89.498,4,"['bebop', 'hard bop', 'jazz', 'jazz trumpet']",46,83525
38,Heartbroken Bopper,2riDMKgkFX1ZTyJGYabFF5,The Guess Who,0cQuYRSzlItquYxsQKDvVc,The Ultimate Collection,1997-01-28,293133,False,8,1,2024-11-06,0.453,0.618,11,-8.275,0,0.0269,0.00011,0.0268,0.471,0.441,87.472,4,"['album rock', 'classic canadian rock', 'classic rock', 'country rock', 'folk rock', 'hard rock', 'mellow gold', 'rock', 'singer-songwriter', 'soft rock']",56,749575
39,Be Bop A Lula,5pJ2iB8fLWhsQL7YlsJVeN,Humble Pie,2CxLP749mup3ncPrXgCnvU,Live '81,2011-10-01,140693,False,7,1,2024-11-06,0.305,0.942,7,-4.789,1,0.0937,0.0747,0.021,0.631,0.213,150.06,4,"['album rock', 'blues', 'blues rock', 'classic rock', 'country rock', 'electric blues', 'folk rock', 'hard rock', 'proto-metal', 'psychedelic rock', 'southern rock', 'symphonic rock']",42,354025
40,Heads Bop To The Drums,0gYDuhrqBQl91OJDiWjmNE,The Satan,4XCq6wVD10ui7rkXScdWvP,Drum & Filth,2020-07-31,296400,True,1,1,2024-11-06,0.645,0.998,5,2.947,1,0.15,0.0568,0.0633,0.114,0.0536,100.016,4,['uptempo hardcore'],27,14218
41,Dead Bop,6LVB9z2uO2r1nQ399B3Dfg,Filth is Eternal,0BqcFG3uqS8l59OsCtIiH0,Suffrage,2020-12-18,45351,True,3,1,2024-11-06,0.387,0.998,7,-3.339,1,0.0537,1.42e-06,0.941,0.336,0.297,113.41,4,"['american grindcore', 'modern hardcore']",11,5688
42,"Blitzkrieg Bop (Live at La Luna, Portland, OR - June 6, 1993)",0t2vxNFjQC9EZLtUAvkgmc,Poison Idea,3HSNI061dY6dxEzvZczIdI,Pigs Last Stand,2020-05-01,136826,False,12,0,2024-11-06,0.345,0.906,9,-4.013,1,0.0523,1.32e-05,0.00236,0.691,0.574,95.474,4,"['anarcho-punk', 'crossover thrash', 'crust punk', 'hardcore punk', 'portland punk', 'punk']",35,47200
43,Hale Bop,62v5EwH4B0tRn6QVjFqi7V,SNFU,47gDsI3zhRtZPGK7Hv3uxm,A Blessing But With It A Curse,2021-03-12,172942,True,2,4,2024-11-06,0.432,0.947,0,-3.247,1,0.203,0.000259,0.577,0.0705,0.601,174.566,4,"['canadian hardcore', 'canadian punk', 'hardcore punk', 'skate punk', 'vancouver punk']",33,30466
44,Blitzkrieg Bop,0tRJ9DouyRR82j01oRvcT1,Raimundos,3CfJckVRuukdJSvK3r89yJ,Éramos 4,2001-09-15,143666,False,13,10,2024-11-06,0.578,0.966,9,-5.038,1,0.115,0.00025,0.00254,0.68,0.559,127.894,4,"['brazilian punk', 'brazilian punk rock', 'brazilian reggae', 'brazilian rock', 'hard rock brasileiro', 'rock brasiliense', 'rock nacional brasileiro']",63,1543724
45,Heartbroken Bopper,1RblnBqmxFtOIlRJQp9Oda,The Guess Who,0cQuYRSzlItquYxsQKDvVc,Track Record,1988,295200,False,16,1,2024-11-06,0.309,0.662,9,-9.288,1,0.0331,0.00736,0.000599,0.524,0.695,174.811,4,"['album rock', 'classic canadian rock', 'classic rock', 'country rock', 'folk rock', 'hard rock', 'mellow gold', 'rock', 'singer-songwriter', 'soft rock']",56,749575
46,Blitzkrieg Bop - Live,5fegFCtTWx8k2c0YtZqVxc,Rob Zombie,3HVdAiMNjYrQIKlOGxoGh5,Spookshow International Live,2015-02-23,143146,False,11,4,2024-11-06,0.332,0.986,9,-3.646,0,0.0793,0.000198,0.0111,0.412,0.367,177.983,4,"['alternative metal', 'hard rock', 'industrial metal', 'industrial rock', 'nu metal', 'post-grunge', 'rock']",71,3170527
47,Fuller Bop Man - Long Version,67p53RL7xM0qT35ff7TzqW,Cannonball Adderley,5v74mT11KGJqadf9sLw4dA,Sophisticated Swing: The Emarcy Small-Group Sessions,1995-01-01,539106,False,13,0,2024-11-06,0.564,0.283,10,-11.209,1,0.0418,0.676,0.0079,0.0608,0.367,107.544,4,"['bebop', 'cool jazz', 'hard bop', 'jazz', 'jazz blues', 'soul jazz']",58,218331
48,Unskinny Bop,0Xtaww8V1d3r8zprFtRa9o,Poison,1fBCIkoPOPCDLUxGuWNvyo,Head Banging,2022-07-29,228066,False,18,0,2024-11-06,0.574,0.93,1,-2.949,1,0.0414,0.0657,8.13e-06,0.108,0.69,92.301,4,"['album rock', 'classic rock', 'glam metal', 'hard rock', 'rock']",64,3336709
49,Blitzkrieg Bop - Remastered 2022,39qXt86GobGkwUYJ8Rc63s,Sweet,3JaAGmSTpJK35DqWrDUzBz,"New York Connection (10th Anniversary Edition, Remastered 2022)",2022-06-10,182022,False,9,3,2024-11-06,0.36,0.93,9,-10.013,1,0.063,0.000179,3.35e-05,0.165,0.674,185.118,4,"['album rock', 'glam rock', 'hard rock']",58,477397
50,When I Fall In Love,1Jh3RNrn4y9TNA6nR5xZYm,Hank Mobley,5cbutZUQE7SUCA6MsEMbBv,The Birth Of Hard Bop,2010-01-27,225733,False,8,7,2024-11-06,0.554,0.136,5,-14.273,1,0.0516,0.973,0.877,0.144,0.431,72.421,4,"['bebop', 'hard bop', 'jazz', 'jazz saxophone']",50,96240
51,They Can't Take That Away From Me (Live at The Left Bank),39pFvbjs5eTeJgDqm0CTrK,Sonny Stitt,217b0uqAzsOOhGcnoANZqj,Boppin' in Baltimore: Live at The Left Bank,2023-04-28,566653,False,4,1,2024-11-06,0.446,0.42,3,-12.501,1,0.034,0.711,3.41e-06,0.786,0.592,134.822,4,"['bebop', 'hard bop', 'jazz saxophone']",43,60164
52,Summertime,3E5sSFwh00S40F0IfIeSsJ,Lucky Thompson,6cvs1RggkRFSyKPVCBT3cx,Bop & Ballads,2016-06-10,222182,False,1,0,2024-11-06,0.453,0.343,5,-8.518,0,0.0299,0.914,0.218,0.105,0.285,59.205,4,"['bebop', 'hard bop', 'soul jazz']",21,7652
53,Cheryl,6PQUlldOA167DMG2LhHiRa,Ronnie Cuber,0ugeHL6lEUsqwhHjTebNpV,Boplicity,2012-02-10,417946,False,3,2,2024-11-06,0.509,0.386,0,-13.732,1,0.0454,0.257,0.361,0.0703,0.576,94.692,4,['hard bop'],21,3429
54,Star Eyes (Live at The Left Bank),2pzxBEB6mGzG4I8ffxzU5h,Sonny Stitt,217b0uqAzsOOhGcnoANZqj,Boppin' in Baltimore: Live at The Left Bank,2023-04-28,512625,False,2,1,2024-11-06,0.411,0.458,8,-13.964,1,0.0369,0.763,1.8e-05,0.634,0.661,101.196,4,"['bebop', 'hard bop', 'jazz saxophone']",43,60164
55,Lover Man (Oh Where Can You Be?) (Live at The Left Bank),6RSEdOmd15ch9pBLEKrbpj,Sonny Stitt,217b0uqAzsOOhGcnoANZqj,Boppin' in Baltimore: Live at The Left Bank,2023-04-28,342773,False,3,1,2024-11-06,0.434,0.366,1,-11.584,1,0.067,0.876,0.000221,0.537,0.591,76.289,3,"['bebop', 'hard bop', 'jazz saxophone']",43,60164
56,Baltimore Blues (Live at The Left Bank),64TE0KInrqCMfrlo83Xs4r,Sonny Stitt,217b0uqAzsOOhGcnoANZqj,Boppin' in Baltimore: Live at The Left Bank,2023-04-28,1169586,False,1,2,2024-11-06,0.362,0.714,7,-11.394,0,0.0608,0.641,2.77e-06,0.363,0.573,103.652,4,"['bebop', 'hard bop', 'jazz saxophone']",43,60164
57,Deuces Wild (Live at The Left Bank),3VfVTyi0inUx6i4QjgSDzd,Sonny Stitt,217b0uqAzsOOhGcnoANZqj,Boppin' in Baltimore: Live at The Left Bank,2023-04-28,597200,False,7,1,2024-11-06,0.383,0.662,1,-12.628,1,0.0518,0.484,7.25e-06,0.705,0.661,133.269,4,"['bebop', 'hard bop', 'jazz saxophone']",43,60164
58,Deep Passion,2NlHQq3s9iS1moHcJg0Np3,Lucky Thompson,6cvs1RggkRFSyKPVCBT3cx,Bop & Ballads,2016-06-10,232586,False,5,1,2024-11-06,0.43,0.316,5,-9.027,0,0.0307,0.945,0.325,0.143,0.197,114.184,4,"['bebop', 'hard bop', 'soul jazz']",21,7652
59,My Little Suede Shoes,1FjyZnsUcITeanAX1IANUN,Ronnie Cuber,0ugeHL6lEUsqwhHjTebNpV,Boplicity,2012-02-10,398746,False,6,2,2024-11-06,0.597,0.259,0,-17.481,1,0.0514,0.354,0.522,0.374,0.704,81.094,4,['hard bop'],21,3429
60,The Theme (Live at The Left Bank),272raa36OJnyeAdczjUhJR,Sonny Stitt,217b0uqAzsOOhGcnoANZqj,Boppin' in Baltimore: Live at The Left Bank,2023-04-28,276920,False,8,0,2024-11-06,0.393,0.567,10,-11.804,1,0.0451,0.765,2.1e-06,0.687,0.695,92.426,1,"['bebop', 'hard bop', 'jazz saxophone']",43,60164
61,Stella By Starlight (Live at The Left Bank),51a8FP4wU2cZPxpnC26CAc,Sonny Stitt,217b0uqAzsOOhGcnoANZqj,Boppin' in Baltimore: Live at The Left Bank,2023-04-28,753493,False,6,1,2024-11-06,0.359,0.52,7,-13.242,1,0.034,0.767,1.81e-05,0.88,0.565,97.045,4,"['bebop', 'hard bop', 'jazz saxophone']",43,60164
62,Lover Man,7oXF4lrH27RTb6NBHNNPaN,Lucky Thompson,6cvs1RggkRFSyKPVCBT3cx,Bop & Ballads,2016-06-10,320420,False,3,0,2024-11-06,0.446,0.242,1,-11.812,1,0.0354,0.972,0.564,0.122,0.404,88.491,3,"['bebop', 'hard bop', 'soul jazz']",21,7652
63,Star Eyes,6h1ZpTS0kQWawrdidLFD1g,Lucky Thompson,6cvs1RggkRFSyKPVCBT3cx,Bop & Ballads,2016-06-10,180000,False,10,1,2024-11-06,0.588,0.348,5,-9.216,0,0.0406,0.965,0.844,0.108,0.607,80.595,4,"['bebop', 'hard bop', 'soul jazz']",21,7652
64,Blue 'n Boogie,00DnNSXmHydwfhbP2hNY0G,Miles Davis,0kbYTNQb4Pb1rPbbaF0pT4,"All That Jazz, Vol. 44: Miles Davis, Vol. 3 – Cool Boplicity in Hackensack (Remastered 2015)",2015-10-02,496149,False,3,10,2024-11-06,0.556,0.48,10,-9.569,1,0.0464,0.868,0.779,0.199,0.816,133.784,4,"['cool jazz', 'hard bop', 'jazz', 'jazz fusion', 'jazz trumpet', 'soul', 'vocal jazz']",64,2594975
65,Cattin' - Alternate Take,7gLQtarCajXxIQgqN8j2pH,Hank Mobley,5cbutZUQE7SUCA6MsEMbBv,The Birth Of Hard Bop,2010-01-27,186266,False,5,3,2024-11-06,0.449,0.44,0,-10.911,0,0.0464,0.756,0.000156,0.244,0.649,139.192,4,"['bebop', 'hard bop', 'jazz', 'jazz saxophone']",50,96240
66,Cattin',6Tgk2Iimtqm4eyURQ470PQ,Hank Mobley,5cbutZUQE7SUCA6MsEMbBv,The Birth Of Hard Bop,2010-01-27,277000,False,6,4,2024-11-06,0.529,0.392,7,-12.012,0,0.0386,0.751,0.0984,0.0932,0.756,112.881,4,"['bebop', 'hard bop', 'jazz', 'jazz saxophone']",50,96240
67,The Tigger Bop,1oitMjOPbwMd7Y5aRoobTH,Peter Frampton,0543y7yrvny4KymoaneT4W,Tigger Mania,1998-01-01,171120,False,6,1,2024-11-06,0.514,0.891,9,-5.792,1,0.0583,0.00734,1.09e-06,0.325,0.843,154.665,4,"['album rock', 'british blues', 'classic rock', 'country rock', 'folk rock', 'hard rock', 'mellow gold', 'rock', 'singer-songwriter', 'soft rock', 'southern rock']",56,1294517
68,Ready To Bop - Original Mix,2GiM3BJpXQX9FtbPALKAiY,Lab 4,0V99vHTeRowDFhZgWYCOSa,"Frantic 16 (Mixed by BK, Andy Farley, Wayne Smart)",2013-09-27,407200,False,48,6,2024-11-06,0.69,0.826,11,-8.304,0,0.0619,0.000159,0.906,0.327,0.418,155.125,4,['hard house'],11,2694
69,The Moon Bopper,72JqKiBALBZSglrMHja7Jf,Instigator,4VG2bo6NgDIQFLIdI146GP,Instigator's Shot,2013-03-08,277551,True,3,2,2024-11-06,0.446,0.998,10,-3.688,0,0.0944,0.0275,0.777,0.486,0.672,159.997,4,"['deep hardtechno', 'schranz']",17,3117
70,The Hooligan Bop,4eOQrKKG2vgxoOfwBe34fi,The Bones,558FUv3bzt12xTr6WY4h4h,Monkeys With Guns,2012-06-15,109560,False,13,6,2024-11-06,0.575,0.886,0,-4.973,1,0.0625,0.0105,0.0,0.0958,0.867,130.789,1,"[""punk 'n' roll"", 'swedish hard rock']",26,11967
71,Budo,0LsrODxfbvO0rrIL4nyrsr,Donald Byrd,3ZUZYvTkSr7kJQyAXVpqaL,The Birth Of Hard Bop,2010-01-27,450306,False,1,4,2024-11-06,0.566,0.297,8,-13.209,1,0.0465,0.817,0.00017,0.111,0.722,91.133,4,"['bebop', 'hard bop', 'jazz', 'jazz funk', 'jazz trumpet', 'soul jazz']",49,137588
72,St. Thomas,7pTti5mG3iekdMu8Txr2lc,Sonny Rollins Quartet,2mlKlEmxOO3vb6DqopDh4H,"Modern Jazz - Hard Bop, Vol. 7",2022-05-06,407400,False,4,1,2024-11-06,0.52,0.474,2,-11.644,1,0.0423,0.48,0.458,0.0801,0.729,112.72,4,"['bebop', 'hard bop', 'jazz', 'jazz quartet']",35,13599
73,The Man I Love,1RUlkR77c511UZOlot0FZz,Miles Davis,0kbYTNQb4Pb1rPbbaF0pT4,"All That Jazz, Vol. 44: Miles Davis, Vol. 3 – Cool Boplicity in Hackensack (Remastered 2015)",2015-10-02,474930,False,7,2,2024-11-06,0.507,0.237,5,-13.617,0,0.0382,0.934,0.0478,0.135,0.378,100.194,4,"['cool jazz', 'hard bop', 'jazz', 'jazz fusion', 'jazz trumpet', 'soul', 'vocal jazz']",64,2594975
74,Nostalagia,1uwGAlxkk7OeIEZ2azJIUx,Hank Mobley,5cbutZUQE7SUCA6MsEMbBv,The Birth Of Hard Bop,2010-01-27,533840,False,5,3,2024-11-06,0.464,0.269,9,-14.263,0,0.147,0.869,0.4,0.0892,0.539,176.87,4,"['bebop', 'hard bop', 'jazz', 'jazz saxophone']",50,96240
75,Bet,7g16pn3RECXaYcKziJr0IX,Hank Mobley,5cbutZUQE7SUCA6MsEMbBv,The Birth Of Hard Bop,2010-01-27,473933,False,4,2,2024-11-06,0.503,0.267,2,-15.205,0,0.091,0.832,0.851,0.36,0.49,89.507,4,"['bebop', 'hard bop', 'jazz', 'jazz saxophone']",50,96240
76,Madeline,5apVAoc2J2ur7njE0CtHne,Hank Mobley,5cbutZUQE7SUCA6MsEMbBv,The Birth Of Hard Bop,2010-01-27,281200,False,7,4,2024-11-06,0.552,0.116,7,-15.9,0,0.046,0.987,0.643,0.103,0.431,117.654,4,"['bebop', 'hard bop', 'jazz', 'jazz saxophone']",50,96240
77,Space Flight - Previously Unissued,0f9g12TLkoXZwkVdzZzvyc,Hank Mobley,5cbutZUQE7SUCA6MsEMbBv,The Birth Of Hard Bop,2010-01-27,260000,False,9,2,2024-11-06,0.457,0.341,3,-13.264,1,0.0374,0.732,0.00729,0.155,0.692,146.983,4,"['bebop', 'hard bop', 'jazz', 'jazz saxophone']",50,96240
78,Do the Channel Bop,0bYvEcSlrTb4tMorfNtppp,The Wildhearts,6bz0ztmnpeofmoFksV3DqL,Fishing For Luckies (Extended Version),1994,460460,False,4,9,2024-11-06,0.339,0.903,8,-6.771,1,0.0497,0.000797,0.0118,0.106,0.478,154.4,4,"['deep melodic hard rock', 'modern hard rock']",31,36341
79,I'm in the Mood for Bop - Remastered,5ho7bl6XC8bdaPDKtxwRQW,James Moody,4aEpM8RuVFDhH7ry8TUn4M,Tenor Contrasts (Remastered 2016),2016-12-01,167080,False,11,2,2024-11-06,0.417,0.426,10,-11.889,1,0.0739,0.991,0.942,0.2,0.422,184.977,3,"['contemporary post-bop', 'hard bop', 'soul jazz']",32,13080
80,The Flight of the Bopple Bee - Remastered,1QVYNo5WaMQXiPeRRV3dkq,James Moody,4aEpM8RuVFDhH7ry8TUn4M,Tenor Contrasts (Remastered 2016),2016-12-01,171066,False,12,1,2024-11-06,0.529,0.477,8,-11.091,1,0.0644,0.984,0.945,0.137,0.397,74.829,4,"['contemporary post-bop', 'hard bop', 'soul jazz']",32,13080
81,Be-Bop,5vNFWcxHxRNeWEyyX7NwhT,Milt Jackson,23i8EixXKG0EWGRCfHlUGN,Bebop,2005-04-19,480266,False,3,1,2024-11-06,0.418,0.345,5,-16.092,1,0.0546,0.724,2.2e-06,0.108,0.753,78.961,4,"['bebop', 'contemporary post-bop', 'hard bop', 'jazz', 'jazz vibraphone', 'soul jazz']",40,38195
82,Sky Dive - live at Keystone Korner,66GfLAg5yr6TQi3YTf27p4,Freddie Hubbard,0fTHKjepK5HWOrb2rkS5Em,Keystone Bop: Sunday Night,1994-01-01,1022373,False,4,0,2024-11-06,0.387,0.444,10,-14.197,1,0.0498,0.493,1.29e-05,0.743,0.471,144.806,4,"['bebop', 'contemporary post-bop', 'hard bop', 'jazz', 'jazz trumpet']",43,176571
83,Earmon Jr.,1IS2GWxDibk4JiR3Y1v6yN,Freddie Hubbard,0fTHKjepK5HWOrb2rkS5Em,Hard Bop Trumpet,2021-06-04,376853,False,4,2,2024-11-06,0.523,0.68,1,-7.768,1,0.041,0.634,0.000282,0.129,0.676,97.323,4,"['bebop', 'contemporary post-bop', 'hard bop', 'jazz', 'jazz trumpet']",43,176571
84,Plexus,0I0ZoJJSb12N3oP6U1U5jS,Freddie Hubbard,0fTHKjepK5HWOrb2rkS5Em,Hard Bop Trumpet,2021-06-04,542466,False,6,1,2024-11-06,0.459,0.737,8,-7.102,0,0.0633,0.707,0.0525,0.136,0.541,136.508,4,"['bebop', 'contemporary post-bop', 'hard bop', 'jazz', 'jazz trumpet']",43,176571
85,The Intrepid Fox - live at Keystone Korner,2jz1O2Lb24G7i3UCKp8Gpv,Freddie Hubbard,0fTHKjepK5HWOrb2rkS5Em,Keystone Bop: Sunday Night,1994-01-01,962533,False,3,1,2024-11-06,0.335,0.587,5,-14.154,1,0.212,0.23,0.000215,0.697,0.542,173.997,4,"['bebop', 'contemporary post-bop', 'hard bop', 'jazz', 'jazz trumpet']",43,176571
86,Be-Bop,73LNhAuC7zYxZNrUqjfREu,Bud Powell,570vCzcespB48HIQyTbDO6,Compact Jazz,1993-01-01,144960,False,9,1,2024-11-06,0.509,0.422,10,-15.143,0,0.0388,0.354,0.00808,0.187,0.614,84.992,4,"['bebop', 'hard bop', 'jazz', 'jazz piano']",42,114218
87,Body And Soul - live at Keystone Korner,14dWhFz0itXAfgNHbRTYJ9,Freddie Hubbard,0fTHKjepK5HWOrb2rkS5Em,Keystone Bop: Sunday Night,1994-01-01,594760,False,5,0,2024-11-06,0.475,0.106,1,-19.107,1,0.0586,0.907,0.0282,0.666,0.282,108.19,4,"['bebop', 'contemporary post-bop', 'hard bop', 'jazz', 'jazz trumpet']",43,176571
88,Red Clay - live at Keystone Korner,0miIFPeilZpa6St2p3hwtF,Freddie Hubbard,0fTHKjepK5HWOrb2rkS5Em,Keystone Bop vol. 2: Friday/Saturday,1996-01-01,1236960,False,3,0,2024-11-06,0.399,0.5,1,-11.209,0,0.096,0.707,0.0111,0.188,0.602,72.647,4,"['bebop', 'contemporary post-bop', 'hard bop', 'jazz', 'jazz trumpet']",43,176571
89,Be-Bop,3nKloOz7Qpe7EXwNjEUO7i,Milt Jackson,23i8EixXKG0EWGRCfHlUGN,Bebop,2017-04-03,480266,False,1,1,2024-11-06,0.418,0.345,5,-16.092,1,0.0546,0.724,2.2e-06,0.108,0.753,78.961,4,"['bebop', 'contemporary post-bop', 'hard bop', 'jazz', 'jazz vibraphone', 'soul jazz']",40,38195
90,Be-Bop,33sCfWdgdqdptcXroFzVsy,Milt Jackson,23i8EixXKG0EWGRCfHlUGN,A Giant Step in Jazz,2007-10-30,480266,False,6,1,2024-11-06,0.418,0.345,5,-16.092,1,0.0546,0.724,2.2e-06,0.108,0.753,78.961,4,"['bebop', 'contemporary post-bop', 'hard bop', 'jazz', 'jazz vibraphone', 'soul jazz']",40,38195
91,Be-Bop,5sNeB7BD3rE0wiQpGHjw5y,Milt Jackson,23i8EixXKG0EWGRCfHlUGN,The Atlantic Studio Album Collection,2015-02-13,480266,False,4,2,2024-11-06,0.418,0.345,5,-16.092,1,0.0546,0.724,2.2e-06,0.108,0.753,78.961,4,"['bebop', 'contemporary post-bop', 'hard bop', 'jazz', 'jazz vibraphone', 'soul jazz']",40,38195
92,Evidence,3mC07eaENTgP3fgQUsEiKR,Art Blakey & The Jazz Messengers,6ykfXAed2KOLOMI3R0TZdz,Hard Bop,2017-04-03,402186,False,3,0,2024-11-06,0.548,0.599,7,-11.749,0,0.109,0.468,0.00487,0.203,0.562,135.569,4,"['bebop', 'hard bop', 'jazz', 'jazz drums']",49,232386
93,True Colors,7EkUyrh2OGxhOz6XQC4O4U,Freddie Hubbard,0fTHKjepK5HWOrb2rkS5Em,Hard Bop,2017-04-03,329880,False,2,0,2024-11-06,0.412,0.411,6,-15.144,1,0.0452,0.393,0.00308,0.107,0.538,120.76,4,"['bebop', 'contemporary post-bop', 'hard bop', 'jazz', 'jazz trumpet']",43,176571
94,Cry Me Not,1G5N35sQjc6ImJXmJv6G3V,Freddie Hubbard,0fTHKjepK5HWOrb2rkS5Em,Hard Bop Trumpet,2021-06-04,289226,False,2,1,2024-11-06,0.323,0.403,5,-7.814,1,0.0301,0.915,0.553,0.305,0.123,110.523,4,"['bebop', 'contemporary post-bop', 'hard bop', 'jazz', 'jazz trumpet']",43,176571
95,Be-Bop,3B5RgY2IW9mP76TwO7eIin,Bud Powell,570vCzcespB48HIQyTbDO6,Piano Jazz: Bud Powell,2023-03-28,144960,False,15,3,2024-11-06,0.529,0.421,5,-15.142,0,0.0396,0.354,0.00755,0.187,0.625,84.838,4,"['bebop', 'hard bop', 'jazz', 'jazz piano']",42,114218
96,H.M. on F.M.,3yCG9rTyvx6CQtRC33JWnO,Elvin Jones,4dUMhhUjQ2YcNTvab29hYF,Hard Bop,2017-04-03,307506,False,5,0,2024-11-06,0.482,0.677,7,-11.719,0,0.044,0.437,0.00137,0.101,0.526,112.427,4,"['bebop', 'contemporary post-bop', 'hard bop', 'jazz', 'jazz drums']",35,52702
97,Rhythm-A-Ning,4pLR2469rofagcWJhVLeNT,Art Blakey & The Jazz Messengers,6ykfXAed2KOLOMI3R0TZdz,Hard Bop Classics,2017-05-08,437360,False,3,0,2024-11-06,0.545,0.52,7,-10.942,0,0.0847,0.477,0.0226,0.138,0.646,142.846,4,"['bebop', 'hard bop', 'jazz', 'jazz drums']",49,232386
98,Lover Come Back to Me,01SgjKhXyMtFKC3p7Hgay4,Clifford Brown,1HJHwWck1EY096ea2iPAHO,Hard Bop,2017-04-03,325400,False,4,0,2024-11-06,0.585,0.333,5,-8.539,0,0.0473,0.898,0.114,0.0785,0.802,124.411,4,"['bebop', 'hard bop', 'jazz', 'jazz trumpet']",47,139559
99,Birdlike - live at Keystone Korner,2CqGw6dIXzHzCwUt8b28az,Freddie Hubbard,0fTHKjepK5HWOrb2rkS5Em,Keystone Bop: Sunday Night,1994-01-01,922306,False,1,1,2024-11-06,0.373,0.45,5,-14.812,1,0.0556,0.166,5.33e-05,0.314,0.65,88.616,4,"['bebop', 'contemporary post-bop', 'hard bop', 'jazz', 'jazz trumpet']",43,176571
100,The Littlest One Of All - live at Keystone Korner,7FGvnvzvOk1MQqbakjs1Rx,Freddie Hubbard,0fTHKjepK5HWOrb2rkS5Em,Keystone Bop: Sunday Night,1994-01-01,625493,False,2,0,2024-11-06,0.47,0.18,0,-21.203,0,0.037,0.706,0.00549,0.0578,0.311,128.955,4,"['bebop', 'contemporary post-bop', 'hard bop', 'jazz', 'jazz trumpet']",43,176571
101,Be-Bop,5IpZdZDlyIOR4ajbx5enLk,Bud Powell,570vCzcespB48HIQyTbDO6,The Complete Bud Powell On Verve,1994-09-27,143333,False,20,1,2024-11-06,0.423,0.351,5,-16.084,0,0.0387,0.786,0.307,0.42,0.632,171.953,4,"['bebop', 'hard bop', 'jazz', 'jazz piano']",42,114218
102,One Of Another Kind - live at Keystone Korner,7hr9kywKcQezZaRuu7YXd6,Freddie Hubbard,0fTHKjepK5HWOrb2rkS5Em,Keystone Bop vol. 2: Friday/Saturday,1996-01-01,1168373,False,1,1,2024-11-06,0.417,0.698,0,-10.169,1,0.149,0.404,0.0113,0.874,0.51,125.424,4,"['bebop', 'contemporary post-bop', 'hard bop', 'jazz', 'jazz trumpet']",43,176571
103,Now's The Time,29P7KqRKPEYkGOXHm14cCR,Charlie Parker Quartet,5GBe2GMfPm3IFagD5XuKKs,Bird's Best Bop On Verve,1995-05-23,182333,False,15,1,2024-11-06,0.481,0.519,7,-10.687,0,0.0355,0.457,0.00979,0.182,0.627,100.522,4,"['bebop', 'hard bop', 'jazz', 'jazz quartet']",46,60114
104,The Song Is You,27TSyW1zvn99YEbFMWBo0X,Charlie Parker Quartet,5GBe2GMfPm3IFagD5XuKKs,Bird's Best Bop On Verve,1995-05-23,178426,False,11,2,2024-11-06,0.525,0.527,0,-9.016,1,0.0368,0.615,0.0,0.291,0.66,128.685,4,"['bebop', 'hard bop', 'jazz', 'jazz quartet']",46,60114
105,Laird Baird,1dcv2OkTxskQDbcX5rFbUV,Charlie Parker Quartet,5GBe2GMfPm3IFagD5XuKKs,Bird's Best Bop On Verve,1995-05-23,166333,False,12,1,2024-11-06,0.525,0.217,0,-13.517,0,0.0452,0.805,0.00487,0.171,0.663,152.592,4,"['bebop', 'hard bop', 'jazz', 'jazz quartet']",46,60114
106,The Logical Song - D-Bop Mix,3xmNrOnhvbgC2IviBDhZUD,Scooter,0HlxL5hisLf59ETEPM3cUA,The Stadium Techno Experience (20 Years of Hardcore Expanded Editon),2013-06-07,450724,False,19,5,2024-11-06,0.638,0.954,5,-5.59,0,0.0369,0.0181,0.602,0.0579,0.321,135.93,4,"['eurodance', 'german techno', 'hamburg electronic', 'happy hardcore']",68,881524
107,Doug's Minor Bouk,4EP7FmyFkDMlxU5TKrKpkx,Hank Mobley,5cbutZUQE7SUCA6MsEMbBv,The Birth Of Hard Bop,2010-01-27,397773,False,9,2,2024-11-06,0.619,0.401,2,-14.459,1,0.059,0.764,0.818,0.302,0.599,122.1,4,"['bebop', 'hard bop', 'jazz', 'jazz saxophone']",50,96240
108,B. For B.B.,1ShSxUUXqMKAH2zwwkR07l,Hank Mobley,5cbutZUQE7SUCA6MsEMbBv,The Birth Of Hard Bop,2010-01-27,388533,False,2,2,2024-11-06,0.593,0.29,10,-13.94,1,0.0426,0.9,0.175,0.342,0.723,95.889,4,"['bebop', 'hard bop', 'jazz', 'jazz saxophone']",50,96240
109,Oleo,50wIdZdyWHmYcm9Vrr1sin,Miles Davis,0kbYTNQb4Pb1rPbbaF0pT4,"All That Jazz, Vol. 44: Miles Davis, Vol. 3 – Cool Boplicity in Hackensack (Remastered 2015)",2015-10-02,312539,False,2,2,2024-11-06,0.619,0.257,7,-11.8,0,0.0547,0.825,0.00869,0.0767,0.712,111.39,4,"['cool jazz', 'hard bop', 'jazz', 'jazz fusion', 'jazz trumpet', 'soul', 'vocal jazz']",64,2594975
110,Doxy,3xZDsyOXKNqny2Hyz8nb5A,Miles Davis,0kbYTNQb4Pb1rPbbaF0pT4,Prestige Records: Hard Bop Classics,2019-05-03,291910,False,1,0,2024-11-06,0.704,0.29,5,-11.133,1,0.045,0.793,0.0103,0.129,0.485,120.406,4,"['cool jazz', 'hard bop', 'jazz', 'jazz fusion', 'jazz trumpet', 'soul', 'vocal jazz']",64,2594975
111,A-1 - Alternate Take,4FvcGqtFgYNxoouBfzPKuo,Hank Mobley,5cbutZUQE7SUCA6MsEMbBv,The Birth Of Hard Bop,2010-01-27,348426,False,8,1,2024-11-06,0.486,0.341,7,-14.607,0,0.0744,0.793,0.713,0.1,0.712,141.673,4,"['bebop', 'hard bop', 'jazz', 'jazz saxophone']",50,96240
112,Moritat (Mack the Knife),29ELJTzzNRKWA0xi8I2KL1,Sonny Rollins Quartet,2mlKlEmxOO3vb6DqopDh4H,"Modern Jazz - Hard Bop, Vol. 1",2022-04-22,603800,False,3,2,2024-11-06,0.473,0.512,7,-10.418,0,0.0347,0.543,0.000434,0.365,0.63,82.909,4,"['bebop', 'hard bop', 'jazz', 'jazz quartet']",35,13599
113,It Never Entered My Mind,0OtBzN80F0Jjr0yXrNg3bL,Miles Davis,0kbYTNQb4Pb1rPbbaF0pT4,"All That Jazz, Vol. 44: Miles Davis, Vol. 3 – Cool Boplicity in Hackensack (Remastered 2015)",2015-10-02,242834,False,4,1,2024-11-06,0.362,0.0914,8,-14.878,1,0.0323,0.993,0.871,0.139,0.412,59.176,4,"['cool jazz', 'hard bop', 'jazz', 'jazz fusion', 'jazz trumpet', 'soul', 'vocal jazz']",64,2594975
114,The Biddle-de-Bop Samba,2R4WPdlc9iVPDFxIgqHpVG,Thad Jones,6DbqS0X8cSFOPGsvyze2yh,Fresh Taste Of Thad Jones And Frank Foster (A),2006-09-01,311893,False,9,0,2024-11-06,0.527,0.547,3,-9.833,1,0.0543,0.152,0.000179,0.354,0.643,113.834,4,"['bebop', 'contemporary post-bop', 'hard bop', 'jazz', 'jazz trumpet']",38,27137
115,Blues Number Two - Previously Unissued,0IBN1aeI4EXvykER5hHpNg,Hank Mobley,5cbutZUQE7SUCA6MsEMbBv,The Birth Of Hard Bop,2010-01-27,318773,False,11,2,2024-11-06,0.6,0.279,8,-16.032,1,0.0524,0.898,0.0264,0.196,0.677,102.493,4,"['bebop', 'hard bop', 'jazz', 'jazz saxophone']",50,96240
116,B. For B.B. - Previously Unissued,1uU4Ji3XtGGP5BHorjKdkB,Hank Mobley,5cbutZUQE7SUCA6MsEMbBv,The Birth Of Hard Bop,2010-01-27,390706,False,1,2,2024-11-06,0.593,0.309,0,-13.125,0,0.0454,0.791,0.000267,0.161,0.763,95.031,4,"['bebop', 'hard bop', 'jazz', 'jazz saxophone']",50,96240
117,Hank's Shout,5uTYsF4NX282MzFU6kduMS,Hank Mobley,5cbutZUQE7SUCA6MsEMbBv,The Birth Of Hard Bop,2010-01-27,421693,False,3,2,2024-11-06,0.476,0.486,7,-12.555,0,0.0703,0.785,0.669,0.258,0.652,140.815,4,"['bebop', 'hard bop', 'jazz', 'jazz saxophone']",50,96240
118,A-1,4CHsdCi3S1Nq6C4jY4vGGg,Hank Mobley,5cbutZUQE7SUCA6MsEMbBv,The Birth Of Hard Bop,2010-01-27,331600,False,7,1,2024-11-06,0.501,0.355,7,-13.946,0,0.0802,0.811,0.863,0.0944,0.735,146.415,4,"['bebop', 'hard bop', 'jazz', 'jazz saxophone']",50,96240
119,Hearing Bells,3nNaWuUHwFRcwYA0rzkbNo,Milt Jackson,23i8EixXKG0EWGRCfHlUGN,The Birth Of Bop: The Savoy 10-Inch LP Collection,2023-02-10,173231,False,4,0,2024-11-06,0.668,0.566,8,-6.271,1,0.0297,0.654,0.0,0.112,0.542,120.669,4,"['bebop', 'contemporary post-bop', 'hard bop', 'jazz', 'jazz vibraphone', 'soul jazz']",40,38195
120,Blues Number Two,1Y2O0sBYQOGtNem3PCxs5E,Hank Mobley,5cbutZUQE7SUCA6MsEMbBv,The Birth Of Hard Bop,2010-01-27,296200,False,12,2,2024-11-06,0.494,0.21,3,-16.455,1,0.0529,0.929,0.478,0.155,0.568,139.238,4,"['bebop', 'hard bop', 'jazz', 'jazz saxophone']",50,96240
121,Thad's Blues,2THFRBA8zr1gO4syEI5MOR,Hank Mobley,5cbutZUQE7SUCA6MsEMbBv,The Birth Of Hard Bop,2010-01-27,589333,False,6,2,2024-11-06,0.598,0.237,10,-13.028,1,0.0627,0.868,0.617,0.107,0.419,123.684,4,"['bebop', 'hard bop', 'jazz', 'jazz saxophone']",50,96240
122,Airegin,0eWSFuW8ebkrWFec115eVq,Miles Davis,0kbYTNQb4Pb1rPbbaF0pT4,"All That Jazz, Vol. 44: Miles Davis, Vol. 3 – Cool Boplicity in Hackensack (Remastered 2015)",2015-10-02,300048,False,1,1,2024-11-06,0.597,0.348,5,-10.999,0,0.04,0.845,0.0022,0.182,0.689,118.883,4,"['cool jazz', 'hard bop', 'jazz', 'jazz fusion', 'jazz trumpet', 'soul', 'vocal jazz']",64,2594975
123,Bags' Groove,0kEwfd0UUEwuuj2tx22FBR,Miles Davis,0kbYTNQb4Pb1rPbbaF0pT4,"All That Jazz, Vol. 44: Miles Davis, Vol. 3 – Cool Boplicity in Hackensack (Remastered 2015)",2015-10-02,561225,False,8,1,2024-11-06,0.546,0.188,5,-13.98,1,0.0487,0.911,0.0489,0.104,0.5,145.739,4,"['cool jazz', 'hard bop', 'jazz', 'jazz fusion', 'jazz trumpet', 'soul', 'vocal jazz']",64,2594975
124,Space Flight,6woctIhLIDdPMzIkOUF1GW,Hank Mobley,5cbutZUQE7SUCA6MsEMbBv,The Birth Of Hard Bop,2010-01-27,252426,False,10,2,2024-11-06,0.525,0.3,3,-13.882,1,0.0501,0.824,0.0937,0.613,0.623,75.091,4,"['bebop', 'hard bop', 'jazz', 'jazz saxophone']",50,96240
125,But Not for Me,40bR8vtUoAfsY9OGcUZ8oF,Miles Davis,0kbYTNQb4Pb1rPbbaF0pT4,"All That Jazz, Vol. 44: Miles Davis, Vol. 3 – Cool Boplicity in Hackensack (Remastered 2015)",2015-10-02,274823,False,6,1,2024-11-06,0.663,0.354,3,-10.533,1,0.052,0.822,0.101,0.0981,0.828,100.231,4,"['cool jazz', 'hard bop', 'jazz', 'jazz fusion', 'jazz trumpet', 'soul', 'vocal jazz']",64,2594975
126,Bohemia After Dark (Diamond D Remix),1k16kTB9Xr4UF0ac7X6HPn,Cannonball Adderley,5v74mT11KGJqadf9sLw4dA,Re-Bop: The Savoy Remixes,2006-05-09,290706,False,11,1,2024-11-06,0.561,0.614,6,-6.208,0,0.0443,0.156,0.52,0.343,0.531,84.078,4,"['bebop', 'cool jazz', 'hard bop', 'jazz', 'jazz blues', 'soul jazz']",58,218331
127,Bop,6Gw6LDmOIP5O29CpTnBCc1,Raimundos,3CfJckVRuukdJSvK3r89yJ,Malhação Nacional 2014,2014-09-22,193746,False,7,9,2024-11-06,0.473,0.947,4,-5.497,1,0.134,0.202,0.0,0.177,0.636,172.033,4,"['brazilian punk', 'brazilian punk rock', 'brazilian reggae', 'brazilian rock', 'hard rock brasileiro', 'rock brasiliense', 'rock nacional brasileiro']",63,1543724
128,Bop! - Original Mix,4k0ZQ3wjXpgVGs0p97vyr5,Al Storm,12CfGGtVpvaQVgoQaFy7kM,Bop!,2012-01-27,209655,False,1,0,2024-11-06,0.52,0.96,8,-4.544,1,0.0852,0.00264,0.155,0.0653,0.405,173.966,4,['deep happy hardcore'],33,8253
129,Bop It! - Original Mix,2zw1ab5RhadiRd1ut2CQ3a,Miss Special K,0DYUNNbQ7gQlvQE8SYiCuT,Push It Harder / Take Me Away / Bop It!,2012-11-29,321882,False,3,0,2024-11-06,0.536,0.973,0,-1.555,1,0.0612,0.000232,0.179,0.285,0.292,170.077,4,['deep happy hardcore'],1,265
130,Boppin,4Q4rvMARNrIndqJKRMPaJz,Discam,6PQRTpaBalyviYGiU8nnpt,Cheeky Tracks Platinum #2,2022-02-11,160171,False,23,0,2024-11-06,0.683,0.995,8,-6.928,0,0.103,0.00162,0.000233,0.684,0.567,154.993,4,['hard house'],7,583
131,Bopity Boopi,2DcEXE1zH4OenXDTuJsFl2,Noize Suppressor,69IwChH6kBVij0cmVHSOtt,Hardcore Top 100 – 2020,2020-07-17,223200,False,32,0,2024-11-06,0.742,0.996,7,-1.648,1,0.155,0.00685,6.19e-06,0.0406,0.0702,99.998,4,"['hardcore techno', 'uptempo hardcore']",30,41534
132,Bop Alley - Alternate Take,4e979GlP47UrULwonBfhwh,Art Blakey & The Jazz Messengers,6ykfXAed2KOLOMI3R0TZdz,New Sounds,1991-01-01,188373,False,12,0,2024-11-06,0.402,0.695,0,-8.921,0,0.0541,0.838,0.00114,0.0731,0.888,100.672,4,"['bebop', 'hard bop', 'jazz', 'jazz drums']",49,232386
133,Bopity Boopi - Radio Edit,6ySRIaG7G1yKPZiPrd16DX,Noize Suppressor,69IwChH6kBVij0cmVHSOtt,Summer of Hardcore 2020,2020-07-10,223200,False,18,0,2024-11-06,0.742,0.996,7,-1.648,1,0.155,0.00685,6.19e-06,0.0406,0.0702,99.998,4,"['hardcore techno', 'uptempo hardcore']",30,41534
134,Boppin,0zQDD5o3QKsjyYff65gyJ8,Discam,6PQRTpaBalyviYGiU8nnpt,"Massive Bounce Anthems, Vol. 3",2017-08-16,342000,False,8,0,2024-11-06,0.72,0.998,8,-5.489,0,0.0893,0.000937,5.32e-05,0.0586,0.611,155.003,4,['hard house'],7,583
135,Bop Ag'in,1mIk5kGG7ZpDyeyxFcuWNX,Milt Jackson,23i8EixXKG0EWGRCfHlUGN,Burnin' in the Woodhouse,1995-03-24,488600,False,1,0,2024-11-06,0.599,0.527,5,-10.481,0,0.0575,0.518,0.525,0.0718,0.571,97.983,4,"['bebop', 'contemporary post-bop', 'hard bop', 'jazz', 'jazz vibraphone', 'soul jazz']",40,38195
136,Bop,6MlTJy5ZucRRvM8pgSgqlS,Somnus,7lRdwPPDetwnIUfJHejstX,Dream Shapes,2019-01-18,221000,False,7,0,2024-11-06,0.59,0.741,1,-7.782,1,0.0337,0.02,0.784,0.183,0.882,119.987,3,"['dreampunk', 'hardvapour']",0,255
137,Boppin - Mix Cut,0nIrXlNGuBSVAFHa9mUn9h,Discam,6PQRTpaBalyviYGiU8nnpt,"Massive Bounce Anthems, Vol. 3 (Mix 1)",2017-08-16,232245,False,8,0,2024-11-06,0.656,0.983,7,-8.545,1,0.0773,0.00147,9.53e-05,0.061,0.496,148.795,4,['hard house'],7,583
138,Bopsy...,1JsZJlQ3tverOmittRXnYY,Elvin Jones,4dUMhhUjQ2YcNTvab29hYF,It Don't Mean a Thing...,1993,263000,False,7,0,2024-11-06,0.566,0.343,2,-19.474,1,0.0723,0.475,0.000157,0.259,0.53,130.537,4,"['bebop', 'contemporary post-bop', 'hard bop', 'jazz', 'jazz drums']",35,52702
139,Bopity Boopi,6DVExbJhQV34co4P4Vizbu,Noize Suppressor,69IwChH6kBVij0cmVHSOtt,Masters Of Hardcore - Magnum Opus (Chapter XLII),2020-03-28,223200,False,34,1,2024-11-06,0.742,0.996,7,-1.648,1,0.155,0.00685,6.19e-06,0.0406,0.0702,99.998,4,"['hardcore techno', 'uptempo hardcore']",30,41534
140,BOP - Egotot Remix,61MvJrqw2U0DpcjocBzjJJ,VIVEZ,6PYyQDk2Y7ybvYDzbM3qYM,Thermal (Remixes) [SYEP026],2024-07-05,337500,False,6,0,2024-11-06,0.74,0.95,11,-8.424,0,0.121,0.219,0.88,0.12,0.265,138.026,3,['hardgroove'],11,766
141,Bopity Boopi - Radio Edit,5W8SBx72XyqICFCDMO148s,Noize Suppressor,69IwChH6kBVij0cmVHSOtt,"Hardcore Nightmares, Vol. 7",2020-06-19,223200,False,5,0,2024-11-06,0.742,0.996,7,-1.648,1,0.155,0.00685,6.19e-06,0.0406,0.0702,99.998,4,"['hardcore techno', 'uptempo hardcore']",30,41534
142,Heads Bop to the Drums,1CZLdaZVWPOwrs2ldqxdc4,The Satan,4XCq6wVD10ui7rkXScdWvP,"Hardcore Nightmares, Vol. 8",2020-11-06,296400,False,36,0,2024-11-06,0.645,0.998,5,2.947,1,0.15,0.0568,0.0633,0.114,0.0536,100.016,4,['uptempo hardcore'],27,14218
143,Bettie Bop & The Undertakers,5Wiz8f8PK6yaozc2VM1a4u,The Rude Kids,542ZcWNSEItXPqRbusqNk7,Worst of a Pardonless Collection,1998-01-19,170620,False,13,0,2024-11-06,0.314,0.983,4,-3.41,0,0.0826,0.0264,0.0,0.336,0.402,128.112,4,['swedish hardcore'],3,340
144,Fuller Bop Man - Short Version,7aSNBVezxqC6KMpZYkJh3D,Cannonball Adderley,5v74mT11KGJqadf9sLw4dA,Sophisticated Swing: The Emarcy Small-Group Sessions,1995-01-01,226626,False,14,0,2024-11-06,0.543,0.248,10,-14.517,1,0.0475,0.785,0.0608,0.097,0.382,105.186,4,"['bebop', 'cool jazz', 'hard bop', 'jazz', 'jazz blues', 'soul jazz']",58,218331
145,Hale Bopp,0AhzZwJfK75kLS0v5KZuld,Angel Beats,7JT3ZpvXXFs7KAs0NAqS2W,DJ Dean - The Projects,2008-10-07,403826,False,3,0,2024-11-06,0.663,0.603,9,-13.775,0,0.055,3.64e-05,0.841,0.0813,0.386,135.989,4,['old school hard trance'],9,1179
146,Wop Bop Boogie,4kMj9xL9kBK36mlRkyyANv,Acústicos & Valvulados,03tVZ2sA0yyShSEgFdBpYX,God Bless Your Ass,1996-03-14,166400,False,12,0,2024-11-06,0.471,0.572,11,-10.371,1,0.0335,0.411,0.0,0.188,0.891,199.849,4,"['hard rock brasileiro', 'pop rock brasileiro', 'rock gaucho']",39,84965
147,Be Bop A Lula,3IPKxtw4ZNmkQpXSW3ar9x,No Alternative,0Mbq0rYItT9GEk9i3hpHQo,"Live From The Mabuhay Gardens November 7, 1980",2023-06-09,174173,False,7,0,2024-11-06,0.377,0.795,9,-11.784,1,0.0417,0.00394,0.0778,0.287,0.611,124.313,4,['deep hardcore punk'],1,159
148,Be Bop Blues,4YG4lxbrNkLRhhQu9HT5Kw,Sonny Stitt,217b0uqAzsOOhGcnoANZqj,In The Beginning,1991-01-01,132893,False,4,0,2024-11-06,0.42,0.723,5,-10.75,0,0.0365,0.539,0.641,0.864,0.658,102.718,3,"['bebop', 'hard bop', 'jazz saxophone']",43,60164
149,Hale Bopp,0tJ2fwMOU2mlgj9L0iwO5d,Angel Beats,7JT3ZpvXXFs7KAs0NAqS2W,Unreleased Series 2007,2007-01-01,401826,False,1,0,2024-11-06,0.664,0.635,9,-12.765,0,0.0556,4.51e-05,0.832,0.082,0.327,135.986,4,['old school hard trance'],9,1179
150,Wop Bop Boogie,4kMj9xL9kBK36mlRkyyANv,Acústicos & Valvulados,03tVZ2sA0yyShSEgFdBpYX,God Bless Your Ass,1996-03-14,166400,False,12,0,2024-11-06,0.471,0.572,11,-10.371,1,0.0335,0.411,0.0,0.188,0.891,199.849,4,"['hard rock brasileiro', 'pop rock brasileiro', 'rock gaucho']",39,84965
151,Hale Bopp,0AhzZwJfK75kLS0v5KZuld,Angel Beats,7JT3ZpvXXFs7KAs0NAqS2W,DJ Dean - The Projects,2008-10-07,403826,False,3,0,2024-11-06,0.663,0.603,9,-13.775,0,0.055,3.64e-05,0.841,0.0813,0.386,135.989,4,['old school hard trance'],9,1179
152,Bongo Bop,4I8asxWFFDqitZJ5jqTIDL,Charlie Parker Quartet,5GBe2GMfPm3IFagD5XuKKs,Billie's Bounce,2016-10-30,164014,False,8,1,2024-11-06,0.664,0.163,5,-15.026,1,0.0859,0.936,0.1,0.121,0.634,79.725,4,"['bebop', 'hard bop', 'jazz', 'jazz quartet']",46,60114
153,Professor Bop,0Z46kJlQ1TZ5y5NoJiebOA,Sonny Rollins Quartet,2mlKlEmxOO3vb6DqopDh4H,St. Louis Blues,2016-06-25,144776,False,8,0,2024-11-06,0.684,0.382,5,-10.872,0,0.0446,0.894,0.00798,0.375,0.894,100.152,4,"['bebop', 'hard bop', 'jazz', 'jazz quartet']",35,13599
154,Jeannie,6xaydYeJ7jGQLFo9Y7RscG,Lucky Thompson,6cvs1RggkRFSyKPVCBT3cx,Bop & Ballads,2016-06-10,303493,False,4,0,2024-11-06,0.547,0.653,7,-7.25,0,0.0347,0.846,0.0604,0.0798,0.643,119.752,4,"['bebop', 'hard bop', 'soul jazz']",21,7652
155,Thin Ice,2IVJURGRDY9CVFm0jARzK6,Lucky Thompson,6cvs1RggkRFSyKPVCBT3cx,Bop & Ballads,2016-06-10,203374,False,2,0,2024-11-06,0.469,0.599,0,-8.251,0,0.0452,0.799,0.789,0.113,0.643,144.797,4,"['bebop', 'hard bop', 'soul jazz']",21,7652
156,I love you,0uFjAClPI3kGCYlLTHFF8b,Louis Smith,1iQYoladduzzUciyOnjJAX,The Bopsmith,2000,626080,False,4,0,2024-11-06,0.484,0.172,0,-16.782,1,0.0386,0.904,0.519,0.121,0.325,136.813,4,['hard bop'],15,2327
157,Blues Walk,7HuTdkpKWytjKyIFk5z5cl,Donald Byrd,3ZUZYvTkSr7kJQyAXVpqaL,Bop Lives!,2003-06-06,328853,False,7,0,2024-11-06,0.461,0.564,3,-11.075,1,0.0325,0.727,0.0369,0.701,0.76,109.623,4,"['bebop', 'hard bop', 'jazz', 'jazz funk', 'jazz trumpet', 'soul jazz']",49,137588
158,The World Awakes,5lhXUhaWmGvC8M2Xe3RR4r,Lucky Thompson,6cvs1RggkRFSyKPVCBT3cx,Bop & Ballads,2016-06-10,279220,False,9,0,2024-11-06,0.453,0.464,5,-8.991,0,0.0306,0.852,0.00535,0.123,0.49,167.307,4,"['bebop', 'hard bop', 'soul jazz']",21,7652
159,Sweet Clifford,0Yo0jAVtT4gBkkXQIhbzC7,Louis Smith,1iQYoladduzzUciyOnjJAX,The Bopsmith,2000-01-01,475493,False,7,0,2024-11-06,0.477,0.415,5,-12.839,0,0.0387,0.495,0.508,0.204,0.829,136.501,4,['hard bop'],15,2327
160,Cherokee,0CqBHmKq4OCAl9sPzroWQy,Lucky Thompson,6cvs1RggkRFSyKPVCBT3cx,Bop & Ballads,2016-06-10,245485,False,8,0,2024-11-06,0.456,0.677,0,-7.285,0,0.0493,0.894,0.909,0.112,0.709,82.392,4,"['bebop', 'hard bop', 'soul jazz']",21,7652
161,Val's blues,2swTaRhS8K15tDECFwn6Ao,Louis Smith,1iQYoladduzzUciyOnjJAX,The Bopsmith,2000,281720,False,1,0,2024-11-06,0.601,0.371,5,-12.127,0,0.0538,0.784,0.58,0.36,0.72,116.792,4,['hard bop'],15,2327
162,Brother Bob,08tlW2sJ7eE02tgPPDVpLc,Lucky Thompson,6cvs1RggkRFSyKPVCBT3cx,Bop & Ballads,2016-06-10,243535,False,6,0,2024-11-06,0.522,0.5,5,-8.675,0,0.0454,0.771,0.00607,0.107,0.503,79.956,4,"['bebop', 'hard bop', 'soul jazz']",21,7652
163,A ghost of a change,0smQJ0PPCgFR9yoFSGK6Pz,Louis Smith,1iQYoladduzzUciyOnjJAX,The Bopsmith,2000,600640,False,6,0,2024-11-06,0.519,0.105,0,-20.752,1,0.0516,0.948,0.904,0.181,0.279,61.223,4,['hard bop'],15,2327
164,Yesterdays,5CEc0p68fShr6CqVZMDcXb,Lucky Thompson,6cvs1RggkRFSyKPVCBT3cx,Bop & Ballads,2016-06-10,312381,False,7,0,2024-11-06,0.312,0.248,2,-10.297,0,0.0367,0.962,0.71,0.0743,0.103,173.231,3,"['bebop', 'hard bop', 'soul jazz']",21,7652
165,For Heaven's Sake,3NbaniUik83PEDsORuClqa,Louis Smith,1iQYoladduzzUciyOnjJAX,The Bopsmith,2000-01-01,517066,False,2,0,2024-11-06,0.515,0.2,5,-14.458,0,0.0416,0.892,0.79,0.0996,0.387,130.455,4,['hard bop'],15,2327
166,Ed's Love,3r5hfAK5q9PYbt113Nkezw,Louis Smith,1iQYoladduzzUciyOnjJAX,The Bopsmith,2000-01-01,490160,False,5,0,2024-11-06,0.609,0.342,10,-13.352,0,0.0402,0.457,0.559,0.0525,0.802,114.301,4,['hard bop'],15,2327
167,Val's Blues,7aeTWn4d29jNs7FqAgAY58,Louis Smith,1iQYoladduzzUciyOnjJAX,The Bopsmith,2000-01-01,281720,False,1,0,2024-11-06,0.601,0.371,5,-12.127,0,0.0538,0.784,0.58,0.36,0.72,116.792,4,['hard bop'],15,2327
168,For heaven's sake,7DuwgR31U4F6sTX2D9yhNV,Louis Smith,1iQYoladduzzUciyOnjJAX,The Bopsmith,2000,517066,False,2,0,2024-11-06,0.515,0.2,5,-14.458,0,0.0416,0.892,0.79,0.0996,0.387,130.455,4,['hard bop'],15,2327
169,Ed's love,2fTKZ6gKX0g5fFH16bazJ0,Louis Smith,1iQYoladduzzUciyOnjJAX,The Bopsmith,2000,490160,False,5,0,2024-11-06,0.609,0.342,10,-13.352,0,0.0402,0.457,0.559,0.0525,0.802,114.301,4,['hard bop'],15,2327
170,Sweet Clifford,7bSlvxZjoD5zMZ5Duwkby1,Louis Smith,1iQYoladduzzUciyOnjJAX,The Bopsmith,2000,475493,False,7,0,2024-11-06,0.477,0.415,5,-12.839,0,0.0387,0.495,0.508,0.204,0.829,136.501,4,['hard bop'],15,2327
171,The Way You Look Tonight,0o2Jq2KJfOq2AQ5plPiR4T,Louis Smith,1iQYoladduzzUciyOnjJAX,The Bopsmith,2000-01-01,551106,False,3,0,2024-11-06,0.357,0.349,5,-17.226,1,0.0342,0.697,0.199,0.0973,0.773,144.672,4,['hard bop'],15,2327
172,I Love You,0iLOMnwySh54VOckPdxoI0,Louis Smith,1iQYoladduzzUciyOnjJAX,The Bopsmith,2000-01-01,626080,False,4,0,2024-11-06,0.484,0.172,0,-16.782,1,0.0386,0.904,0.519,0.121,0.325,136.813,4,['hard bop'],15,2327
173,Rifftide,1kArz1IJ0mK2mWjw2XtkQX,Bud Powell,570vCzcespB48HIQyTbDO6,Bop Lives!,2003-06-06,256120,False,5,0,2024-11-06,0.544,0.512,5,-10.947,1,0.0324,0.204,0.0,0.357,0.704,107.943,4,"['bebop', 'hard bop', 'jazz', 'jazz piano']",42,114218
174,A Ghost of a Change,5xvabeuaKsVsdoDu0iGEs4,Louis Smith,1iQYoladduzzUciyOnjJAX,The Bopsmith,2000-01-01,600640,False,6,0,2024-11-06,0.519,0.105,0,-20.752,1,0.0516,0.948,0.904,0.181,0.279,61.223,4,['hard bop'],15,2327
175,The way you look tonight,2yLLZMOGflESVhtLb96dnr,Louis Smith,1iQYoladduzzUciyOnjJAX,The Bopsmith,2000,551106,False,3,0,2024-11-06,0.357,0.349,5,-17.226,1,0.0342,0.697,0.199,0.0973,0.773,144.672,4,['hard bop'],15,2327
176,"Baby, Won't You Make Up Your Mind (Take 3)",1rA60LoQgRf2NP1wo3kZUO,Miles Davis,0kbYTNQb4Pb1rPbbaF0pT4,Bopping The Blues,1988,191039,False,12,1,2024-11-06,0.648,0.143,1,-11.811,1,0.0367,0.968,1.16e-05,0.0688,0.23,73.265,4,"['cool jazz', 'hard bop', 'jazz', 'jazz fusion', 'jazz trumpet', 'soul', 'vocal jazz']",64,2594975
177,Evribadi - Andy Boph Remix,6IPk3c8vjNIzjyIZTt5fEl,Mauro Picotto,0MNSDAOCHF7f2ZfAYxZ9bp,Evribadi,2007-07-23,478306,False,2,0,2024-11-06,0.65,0.947,1,-6.525,1,0.0625,6.33e-05,0.537,0.0851,0.149,130.004,4,"['bubble trance', 'hard house', 'italian trance', 'italo dance', 'trance']",54,88924
178,Blue Friday - Rudy Van Gelder Remaster,0i17if60fK9sOWmedA3zSF,Kenny Dorham,2fMvylhnE23sAlyePKK8er,Prestige Records: Hard Bop Classics,2019-05-03,524946,False,3,7,2024-11-06,0.655,0.439,10,-10.326,0,0.035,0.879,0.427,0.284,0.462,128.02,4,"['bebop', 'hard bop', 'jazz', 'jazz trumpet']",46,83525
179,Flight of the Bopple Bee,08ffjg5D6IpzmJALFILGkC,James Moody,4aEpM8RuVFDhH7ry8TUn4M,Body and Soul,2008-05-01,165533,False,21,0,2024-11-06,0.461,0.352,10,-16.14,0,0.0506,0.987,0.941,0.186,0.439,148.207,4,"['contemporary post-bop', 'hard bop', 'soul jazz']",32,13080
180,Dr Alu-Valiuminium & Professor Bophyn,71aiX3QGPkB0IUVklXuqvP,Earwax,4TlHPjWTDFINfAIvH3rs2I,House Of Wax - 20th Anniversary Edition,2000,91546,False,17,0,2024-11-06,0.886,0.749,4,-11.189,0,0.214,0.125,0.831,0.825,0.441,104.969,4,['hardgroove'],9,1030
181,Route 66 / Be Bop A Lula - Live,3GceoNi5VOQXdk8ptVkQJX,Humble Pie,2CxLP749mup3ncPrXgCnvU,All Or Nuffin (Live),2019-01-04,548613,False,6,0,2024-11-06,0.19,0.963,9,-5.31,1,0.173,0.127,0.0116,0.422,0.168,144.422,4,"['album rock', 'blues', 'blues rock', 'classic rock', 'country rock', 'electric blues', 'folk rock', 'hard rock', 'proto-metal', 'psychedelic rock', 'southern rock', 'symphonic rock']",42,354025
182,Da Capo,3iECU1I2k6fYBV84AQsdPW,The Modern Jazz Quartet,7wBFjZMHsC6nfV0HOSd6uI,Hard Bop Hits,2017-04-07,221053,False,13,0,2024-11-06,0.453,0.0625,1,-26.51,1,0.0406,0.948,0.0606,0.0953,0.187,113.472,4,"['bebop', 'contemporary post-bop', 'cool jazz', 'hard bop', 'jazz', 'jazz quartet']",43,118116
183,First Light - live at Keystone Korner,0bLbiC51VObthFLuVFdhUP,Freddie Hubbard,0fTHKjepK5HWOrb2rkS5Em,Keystone Bop vol. 2: Friday/Saturday,1996-01-01,1239906,False,4,0,2024-11-06,0.391,0.438,8,-13.164,0,0.0413,0.564,0.00425,0.766,0.393,154.196,4,"['bebop', 'contemporary post-bop', 'hard bop', 'jazz', 'jazz trumpet']",43,176571
184,'Round Midnight - live at Keystone Korner,7wBly17lUaDFvW8drAknW6,Freddie Hubbard,0fTHKjepK5HWOrb2rkS5Em,Keystone Bop vol. 2: Friday/Saturday,1996-01-01,754800,False,2,0,2024-11-06,0.527,0.3,10,-12.118,0,0.0539,0.616,0.00256,0.553,0.445,101.878,3,"['bebop', 'contemporary post-bop', 'hard bop', 'jazz', 'jazz trumpet']",43,176571
185,Three Little Words,0ENzSyhETAVkxE2N8q4kDk,Milt Jackson,23i8EixXKG0EWGRCfHlUGN,Hard Bop Classics,2017-05-08,447440,False,21,0,2024-11-06,0.523,0.401,9,-15.06,0,0.0438,0.774,0.00649,0.0973,0.745,125.222,4,"['bebop', 'contemporary post-bop', 'hard bop', 'jazz', 'jazz vibraphone', 'soul jazz']",40,38195
186,"Goodbye, Porkpie Hat",4t2M3RIXh7oVnP5c2zpeun,Charles Mingus,1W8TbFzNS15VwsempfY12H,Hard Bop Hits,2017-04-07,433400,False,18,0,2024-11-06,0.347,0.21,1,-18.433,1,0.0373,0.699,0.872,0.104,0.189,52.061,4,"['avant-garde jazz', 'bebop', 'contemporary post-bop', 'cool jazz', 'electric bass', 'free jazz', 'hard bop', 'jazz', 'jazz double bass']",49,480233
187,Moanin',6ECpdJz9NRFJLm8ywskMRv,Charles Mingus,1W8TbFzNS15VwsempfY12H,Hard Bop Hits,2017-04-07,482959,False,1,0,2024-11-06,0.488,0.476,5,-10.316,0,0.0497,0.438,0.000279,0.11,0.583,110.951,4,"['avant-garde jazz', 'bebop', 'contemporary post-bop', 'cool jazz', 'electric bass', 'free jazz', 'hard bop', 'jazz', 'jazz double bass']",49,480233
188,White Sand,1miFBhXisrt2X6MesVPsRI,Von Freeman,39Ni96Dw8uEeQb2KgeXIT8,Post Bop,2005-04-19,282266,False,7,0,2024-11-06,0.521,0.36,5,-16.601,0,0.0609,0.64,0.348,0.0468,0.636,113.57,4,"['hard bop', 'jazz saxophone']",6,2110
189,Bluesology,2RvnfXEX2D8AvgosWKFRZ6,The Modern Jazz Quartet,7wBFjZMHsC6nfV0HOSd6uI,Hard Bop Classics,2017-05-08,273160,False,16,0,2024-11-06,0.585,0.216,8,-20.564,1,0.0397,0.457,0.000693,0.632,0.583,90.728,4,"['bebop', 'contemporary post-bop', 'cool jazz', 'hard bop', 'jazz', 'jazz quartet']",43,118116
190,Moanin',6IeUhZauWgmTHKJvciuhVp,Charles Mingus,1W8TbFzNS15VwsempfY12H,Hard Bop,2017-04-03,478635,False,12,0,2024-11-06,0.507,0.449,5,-11.073,0,0.055,0.358,2.28e-06,0.108,0.598,110.491,4,"['avant-garde jazz', 'bebop', 'contemporary post-bop', 'cool jazz', 'electric bass', 'free jazz', 'hard bop', 'jazz', 'jazz double bass']",49,480233
191,I Want to Be Happy - Live,2Puo0BJGuHLKCYD6X2kqiP,The Art Farmer Quartet,017N2VIptuU1ZIehQyCzWM,Hard Bop,2017-04-03,583626,False,33,0,2024-11-06,0.471,0.291,0,-19.581,1,0.0564,0.874,0.0579,0.232,0.588,151.051,4,"['cool jazz', 'hard bop']",30,2406
192,Kinta,1lVH7c5z0nzKxfly70Onsz,Jack Wilson,1MJpO71ShS9nmFAbT6KM2n,Hard Bop,2017-04-03,239000,False,23,0,2024-11-06,0.412,0.453,3,-15.962,1,0.0336,0.747,0.599,0.148,0.767,143.875,4,['hard bop'],14,1633
193,Three Little Words,3ve7cpD3qRAccPgWqRXypQ,Milt Jackson,23i8EixXKG0EWGRCfHlUGN,Hard Bop,2017-04-03,447440,False,29,0,2024-11-06,0.523,0.401,9,-15.06,0,0.0438,0.774,0.00649,0.0973,0.745,125.222,4,"['bebop', 'contemporary post-bop', 'hard bop', 'jazz', 'jazz vibraphone', 'soul jazz']",40,38195
194,Swing Spring - Live,2TMNNtMai02pSR4LualhwN,The Art Farmer Quartet,017N2VIptuU1ZIehQyCzWM,Hard Bop Classics,2017-05-08,354773,False,27,0,2024-11-06,0.404,0.411,5,-18.842,0,0.0652,0.713,0.0629,0.88,0.786,78.509,4,"['cool jazz', 'hard bop']",30,2406
195,"Be-Bop-A-Lula - Live, Country Club, Reseda, LA, May 17, 1981",62QTJMCQ1rWINCq8xfjdcU,Humble Pie,2CxLP749mup3ncPrXgCnvU,"Official Bootleg Box Set, Vol. 2 (Live)",2018-02-27,143613,False,7,0,2024-11-06,0.428,0.81,7,-8.909,1,0.0467,0.0741,0.00565,0.662,0.401,145.029,4,"['album rock', 'blues', 'blues rock', 'classic rock', 'country rock', 'electric blues', 'folk rock', 'hard rock', 'proto-metal', 'psychedelic rock', 'southern rock', 'symphonic rock']",42,354025
196,Remember Rockefeller at Attica,0nmftOxMOBf0gE3BPDrLRv,Charles Mingus,1W8TbFzNS15VwsempfY12H,Hard Bop Classics,2017-05-08,356400,False,18,0,2024-11-06,0.568,0.517,5,-12.837,0,0.071,0.167,0.351,0.106,0.643,107.397,4,"['avant-garde jazz', 'bebop', 'contemporary post-bop', 'cool jazz', 'electric bass', 'free jazz', 'hard bop', 'jazz', 'jazz double bass']",49,480233
197,The Black Angel,5fIHJF54Ib6tBMzKIaY3Wa,Freddie Hubbard,0fTHKjepK5HWOrb2rkS5Em,Hard Bop Hits,2017-04-07,500866,False,14,0,2024-11-06,0.424,0.312,5,-15.603,1,0.0329,0.869,0.399,0.0992,0.25,137.759,4,"['bebop', 'contemporary post-bop', 'hard bop', 'jazz', 'jazz trumpet']",43,176571
198,In Walked Bud,2agd8dXXQx7etLwjHKYSc7,Art Blakey,6QQuESLtKhAOcLW2TeWC2t,Hard Bop Hits,2017-04-07,395066,False,20,0,2024-11-06,0.675,0.322,8,-10.681,1,0.0664,0.541,0.0405,0.0945,0.365,89.226,4,"['bebop', 'contemporary post-bop', 'hard bop', 'jazz', 'jazz drums']",36,132790
199,Kinta,3TQUDxdoRU8x5PsmDe9a25,Jack Wilson,1MJpO71ShS9nmFAbT6KM2n,Hard Bop Classics,2017-05-08,239000,False,20,0,2024-11-06,0.412,0.453,3,-15.962,1,0.0336,0.747,0.599,0.148,0.767,143.875,4,['hard bop'],14,1633
200,Bright Blues,6qprlsMGW1a5fgd2v4BRkz,Milt Jackson,23i8EixXKG0EWGRCfHlUGN,Hard Bop Hits,2017-04-07,371893,False,12,0,2024-11-06,0.655,0.331,0,-9.96,1,0.0395,0.957,0.268,0.105,0.627,81.881,4,"['bebop', 'contemporary post-bop', 'hard bop', 'jazz', 'jazz vibraphone', 'soul jazz']",40,38195
201,For B.P.,3wbt3lmRCWo4DOMksw5Sex,Freddie Hubbard,0fTHKjepK5HWOrb2rkS5Em,Hard Bop Classics,2017-05-08,584706,False,2,0,2024-11-06,0.424,0.346,7,-16.884,1,0.0444,0.445,0.336,0.293,0.461,119.998,4,"['bebop', 'contemporary post-bop', 'hard bop', 'jazz', 'jazz trumpet']",43,176571
202,Lover Come Back to Me,342AIEBmSA6mT1cQu6GcJY,Clifford Brown,1HJHwWck1EY096ea2iPAHO,Hard Bop Classics,2017-05-08,325400,False,10,0,2024-11-06,0.585,0.333,5,-8.539,0,0.0473,0.898,0.114,0.0785,0.802,124.411,4,"['bebop', 'hard bop', 'jazz', 'jazz trumpet']",47,139559
203,Be-Bop,3XRT3cxY2FX2hiM7Z1x6YU,Milt Jackson,23i8EixXKG0EWGRCfHlUGN,Finest Bebop Jazz,2017-07-05,480266,False,2,0,2024-11-06,0.418,0.345,5,-16.092,1,0.0546,0.724,2.2e-06,0.108,0.753,78.961,4,"['bebop', 'contemporary post-bop', 'hard bop', 'jazz', 'jazz vibraphone', 'soul jazz']",40,38195
204,Evidence,0bz2uwrolBBawdOeakqiLB,Art Blakey & The Jazz Messengers,6ykfXAed2KOLOMI3R0TZdz,Hard Bop Hits,2017-04-07,402186,False,3,0,2024-11-06,0.548,0.599,7,-11.749,0,0.109,0.468,0.00487,0.203,0.562,135.569,4,"['bebop', 'hard bop', 'jazz', 'jazz drums']",49,232386
205,Be-Bop,0yxK4HiWVdaBjkjy6oaZCO,Milt Jackson,23i8EixXKG0EWGRCfHlUGN,Hurry Up Jazz!,2017-08-16,480266,False,26,0,2024-11-06,0.418,0.345,5,-16.092,1,0.0546,0.724,2.2e-06,0.108,0.753,78.961,4,"['bebop', 'contemporary post-bop', 'hard bop', 'jazz', 'jazz vibraphone', 'soul jazz']",40,38195
206,All of Us,1gZBl4zaXN77slRjVHnFc9,Elvin Jones,4dUMhhUjQ2YcNTvab29hYF,Hard Bop Hits,2017-04-07,384866,False,7,0,2024-11-06,0.561,0.317,5,-13.298,0,0.0454,0.33,0.00461,0.155,0.527,105.409,4,"['bebop', 'contemporary post-bop', 'hard bop', 'jazz', 'jazz drums']",35,52702
207,Can't Fight This Feeling,1SHiSg2wPFu4VsdOcNPV0N,REO Speedwagon,55vs7NT1KxcFjbMC4y202E,Love Bops 2022,2022-03-23,294093,False,20,0,2024-11-06,0.338,0.534,9,-8.344,1,0.0261,0.281,2.43e-05,0.0951,0.197,77.547,4,"['album rock', 'classic rock', 'glam metal', 'hard rock', 'mellow gold', 'rock', 'soft rock']",66,2643422
208,Be-Bop,7lMp2OqIcspiIUbatim1FZ,Milt Jackson,23i8EixXKG0EWGRCfHlUGN,60's Jazz,2017-04-03,480266,False,22,0,2024-11-06,0.418,0.345,5,-16.092,1,0.0546,0.724,2.2e-06,0.108,0.753,78.961,4,"['bebop', 'contemporary post-bop', 'hard bop', 'jazz', 'jazz vibraphone', 'soul jazz']",40,38195
209,Little Leona,6mQKOMoOjDA5fugSujrHtN,Roy Haynes,1tGINpEJVUsQXssRC28ugo,Hard Bop Classics,2017-05-08,285878,False,17,0,2024-11-06,0.551,0.569,0,-8.975,0,0.0329,0.549,0.000676,0.18,0.835,95.312,4,"['avant-garde jazz', 'bebop', 'contemporary post-bop', 'hard bop', 'jazz', 'jazz drums']",31,21206
210,Miss Mopsy,7Gm5d4g4ZkDB1ujj4uHaHv,Roy Haynes,1tGINpEJVUsQXssRC28ugo,Hard Bop,2017-04-03,297362,False,20,0,2024-11-06,0.531,0.542,10,-10.3,1,0.0421,0.598,0.00232,0.0933,0.763,122.386,4,"['avant-garde jazz', 'bebop', 'contemporary post-bop', 'hard bop', 'jazz', 'jazz drums']",31,21206
211,Soon After,77flE5gR3saDaqmBRM0LvN,Elvin Jones,4dUMhhUjQ2YcNTvab29hYF,Hard Bop Classics,2017-05-08,307506,False,4,0,2024-11-06,0.482,0.677,7,-11.719,0,0.044,0.437,0.00137,0.101,0.526,112.427,4,"['bebop', 'contemporary post-bop', 'hard bop', 'jazz', 'jazz drums']",35,52702
212,Rock-Rock-Rock-a-Bye Baby,0ibv7OKkwC2qJoM9CsUluN,Big Boys,5dLLOxuGeaMlFV5OAEsmtL,Rockin' & Boppin' Billy in Philly,2012-04-25,162800,False,4,0,2024-11-06,0.551,0.722,8,-6.122,1,0.0737,0.21,3.41e-06,0.072,0.858,158.67,4,"['hardcore punk', 'texas punk']",20,11089
213,Fool's Fancy,6zVb5BCghOWtBLldofnrKo,Bud Powell,570vCzcespB48HIQyTbDO6,First Steps: First Recordings From The Creators Of Modern Jazz,2003-03-11,152893,False,8,0,2024-11-06,0.621,0.665,8,-8.612,1,0.0468,0.815,0.93,0.264,0.911,121.622,4,"['bebop', 'hard bop', 'jazz', 'jazz piano']",42,114218
214,Profile of Jackie,5JtsWt7JrWFCgJ3Q1BtV0E,Charles Mingus,1W8TbFzNS15VwsempfY12H,"Modern Jazz - Hard Bop, Vol. 4",2022-04-29,190000,False,5,0,2024-11-06,0.277,0.52,7,-4.359,0,0.027,0.761,0.013,0.119,0.251,78.54,4,"['avant-garde jazz', 'bebop', 'contemporary post-bop', 'cool jazz', 'electric bass', 'free jazz', 'hard bop', 'jazz', 'jazz double bass']",49,480233
215,Love Chant,6136wd0pMhFDjGhIaTIuvk,Charles Mingus,1W8TbFzNS15VwsempfY12H,"Modern Jazz - Hard Bop, Vol. 4",2022-04-29,898106,False,4,0,2024-11-06,0.35,0.573,7,-6.569,0,0.0291,0.546,0.00141,0.0896,0.375,91.614,4,"['avant-garde jazz', 'bebop', 'contemporary post-bop', 'cool jazz', 'electric bass', 'free jazz', 'hard bop', 'jazz', 'jazz double bass']",49,480233
216,Dial 5 for Sonny,07SVSqzjve8X9IdG7SUYbc,Sonny Clark,1Sc9ykJB728MAZab1Ocwy8,"Modern Jazz - Hard Bop, Vol. 6",2022-04-29,446906,False,5,0,2024-11-06,0.506,0.364,0,-11.162,0,0.0369,0.929,0.157,0.109,0.547,143.397,3,"['bebop', 'contemporary post-bop', 'hard bop', 'jazz', 'jazz piano']",45,59475
217,Strictly Romantic,2s69y498FZJoCgEflJGvpj,Clifford Brown,1HJHwWck1EY096ea2iPAHO,"Modern Jazz - Hard Bop, Vol. 1",2022-04-22,259000,False,10,0,2024-11-06,0.477,0.269,8,-10.404,1,0.0319,0.961,0.879,0.12,0.396,138.031,4,"['bebop', 'hard bop', 'jazz', 'jazz trumpet']",47,139559
218,Ball Bearing,16t27kXBaSfBgtZLVJgAH5,Johnny Griffin,52cM6vrM4MJ8g4H7Ibo5fZ,"Modern Jazz - Hard Bop, Vol. 6",2022-04-29,490400,False,6,0,2024-11-06,0.478,0.822,5,-6.513,1,0.0434,0.58,0.000748,0.341,0.854,104.375,4,"['hard bop', 'jazz saxophone']",35,24068
219,Clifford's Axe,3SMXBx0KTX91kpoDLdNQhW,Clifford Brown,1HJHwWck1EY096ea2iPAHO,"Modern Jazz - Hard Bop, Vol. 3",2022-04-29,440106,False,8,0,2024-11-06,0.431,0.843,10,-6.955,1,0.0736,0.836,0.116,0.696,0.785,86.179,4,"['bebop', 'hard bop', 'jazz', 'jazz trumpet']",47,139559
220,Bet!,3FqzUNvgiXEIluqE1KASPg,Hank Mobley,5cbutZUQE7SUCA6MsEMbBv,"Modern Jazz - Hard Bop, Vol. 6",2022-04-29,476106,False,7,0,2024-11-06,0.523,0.506,2,-8.251,0,0.0601,0.84,0.579,0.301,0.572,90.178,4,"['bebop', 'hard bop', 'jazz', 'jazz saxophone']",50,96240
221,Smoke Stack,47pUZ11OBEbc1VAX37WN2y,Johnny Griffin,52cM6vrM4MJ8g4H7Ibo5fZ,"Modern Jazz - Hard Bop, Vol. 5",2022-04-29,612000,False,6,0,2024-11-06,0.476,0.87,5,-5.833,1,0.0735,0.658,0.00432,0.228,0.823,115.644,4,"['hard bop', 'jazz saxophone']",35,24068
222,Bubu,4SBe5SYkIu7HNqWKxzBwfE,Milt Jackson,23i8EixXKG0EWGRCfHlUGN,The Birth Of Bop: The Savoy 10-Inch LP Collection,2023-02-10,151436,False,3,0,2024-11-06,0.517,0.559,2,-8.05,0,0.0308,0.805,0.0983,0.224,0.952,84.776,4,"['bebop', 'contemporary post-bop', 'hard bop', 'jazz', 'jazz vibraphone', 'soul jazz']",40,38195
223,The Way You Look Tonight,1eM8JMzmFfQCNq4kv7bdn9,Johnny Griffin,52cM6vrM4MJ8g4H7Ibo5fZ,"Modern Jazz - Hard Bop, Vol. 5",2022-04-29,579400,False,4,0,2024-11-06,0.383,0.902,2,-5.423,0,0.108,0.642,0.00579,0.299,0.826,164.201,4,"['hard bop', 'jazz saxophone']",35,24068
224,Hank's Shout,6znbxCdZQl7lNIUJCszCrn,Hank Mobley,5cbutZUQE7SUCA6MsEMbBv,"Modern Jazz - Hard Bop, Vol. 6",2022-04-29,423906,False,2,0,2024-11-06,0.456,0.743,7,-7.289,0,0.0602,0.791,0.514,0.261,0.739,140.497,4,"['bebop', 'hard bop', 'jazz', 'jazz saxophone']",50,96240
225,Paul's Pal - Rudy Van Gelder Remastered 2006 / Shared ISRC,3TJYjuHKrwGnf5ZedYrsvB,Sonny Rollins Quartet,2mlKlEmxOO3vb6DqopDh4H,Prestige Records: Hard Bop Classics,2019-05-03,310080,False,12,0,2024-11-06,0.542,0.34,7,-12.719,1,0.046,0.727,0.0755,0.14,0.44,77.72,4,"['bebop', 'hard bop', 'jazz', 'jazz quartet']",35,13599
226,Hey Now - Rudy Van Gelder Remaster 2008,0Ev92S82AocwIHs33skzsg,Red Garland Trio,3XYnsz11kFrkx8F3upvnE5,Prestige Records: Hard Bop Classics,2019-05-03,222053,False,5,0,2024-11-06,0.654,0.408,5,-11.284,1,0.0331,0.828,0.777,0.0947,0.738,88.306,4,"['bebop', 'hard bop', 'jazz trio']",41,19669
227,Sunset Eyes,0l1LRf18pdXSKOA1rLxlnW,Clifford Brown,1HJHwWck1EY096ea2iPAHO,"Modern Jazz - Hard Bop, Vol. 3",2022-04-29,398400,False,2,0,2024-11-06,0.551,0.753,9,-6.278,1,0.049,0.919,0.513,0.321,0.758,88.415,4,"['bebop', 'hard bop', 'jazz', 'jazz trumpet']",47,139559
228,Salute to the Band Box,6I4BHExUaTYazU5KKW6ul9,Clifford Brown,1HJHwWck1EY096ea2iPAHO,"Modern Jazz - Hard Bop, Vol. 1",2022-04-22,344000,False,5,0,2024-11-06,0.604,0.462,7,-8.996,1,0.0353,0.877,0.771,0.237,0.656,103.248,4,"['bebop', 'hard bop', 'jazz', 'jazz trumpet']",47,139559
229,La Villa,3z5Qwmu2trMaw2eNpnNzlo,Kenny Dorham,2fMvylhnE23sAlyePKK8er,"Modern Jazz - Hard Bop, Vol. 7",2022-05-06,422906,False,9,0,2024-11-06,0.359,0.688,0,-10.485,0,0.0481,0.573,0.0107,0.253,0.801,84.076,4,"['bebop', 'hard bop', 'jazz', 'jazz trumpet']",46,83525
230,A Litle Taste,4s2OC4eu2C8tMmXediUKBw,Cannonball Adderley,5v74mT11KGJqadf9sLw4dA,"Modern Jazz - Hard Bop, Vol. 1",2022-04-22,311200,False,8,0,2024-11-06,0.626,0.371,10,-8.317,1,0.0328,0.754,0.0911,0.0885,0.673,90.511,4,"['bebop', 'cool jazz', 'hard bop', 'jazz', 'jazz blues', 'soul jazz']",58,218331
231,Take Me Away - Original Mix,3FaTJvKYyDwN1TetPgPouS,Jakka-B,2jVj0crTzkmBmxsBXkQaM8,Push It Harder / Take Me Away / Bop It!,2012-11-29,271073,False,2,0,2024-11-06,0.603,0.965,1,-5.155,0,0.112,0.000468,0.653,0.155,0.047,169.978,4,['deep happy hardcore'],25,5079
232,The Theme,49JauOcl0PJvR8ympOXcIa,Paul Chambers,0M1UOBJZ9tcKJbrbnVlHZG,"Modern Jazz - Hard Bop, Vol. 6",2022-04-29,374800,False,4,0,2024-11-06,0.61,0.452,10,-13.714,1,0.0525,0.846,0.0283,0.223,0.74,105.615,4,"['bebop', 'contemporary post-bop', 'hard bop', 'jazz', 'jazz double bass']",54,38271
233,Ad-Dis-Un - Rudy Van Gelder Remaster,3RBqkpKb1S9p9zoNjJiIvN,Art Farmer,4L9xEztn5PKQIO5WnI5W3u,Prestige Records: Hard Bop Classics,2019-05-03,380480,False,7,0,2024-11-06,0.549,0.349,2,-9.269,0,0.041,0.867,0.00304,0.153,0.639,139.469,4,"['bebop', 'contemporary post-bop', 'cool jazz', 'hard bop', 'jazz', 'jazz trumpet']",41,51525
234,But Beautiful,4Ty6aNlrtt7NUC4mJl2qA9,Kenny Dorham,2fMvylhnE23sAlyePKK8er,"Modern Jazz - Hard Bop, Vol. 5",2022-04-29,164600,False,7,0,2024-11-06,0.43,0.294,9,-9.571,0,0.0301,0.955,0.919,0.126,0.396,82.584,4,"['bebop', 'hard bop', 'jazz', 'jazz trumpet']",46,83525
235,"Route 66/Tulsa Time/Be-Bop-A-Lula - Live, Privates Club, NYC, 1981",3QtQzJUtElNZetM8rIsjuV,Humble Pie,2CxLP749mup3ncPrXgCnvU,"Official Bootleg Box Set, Vol. 2 (Live)",2018-02-27,850946,False,8,0,2024-11-06,0.328,0.71,4,-10.802,1,0.0975,0.367,0.364,0.93,0.314,134.013,4,"['album rock', 'blues', 'blues rock', 'classic rock', 'country rock', 'electric blues', 'folk rock', 'hard rock', 'proto-metal', 'psychedelic rock', 'southern rock', 'symphonic rock']",42,354025
236,Sugar Ray - Rudy Van Gelder Remaster,3LeIbwsxHVEgSh3vBVYII4,Roy Haynes,1tGINpEJVUsQXssRC28ugo,Prestige Records: Hard Bop Classics,2019-05-03,383880,False,13,0,2024-11-06,0.569,0.363,8,-13.27,1,0.054,0.816,0.0385,0.119,0.5,115.559,4,"['avant-garde jazz', 'bebop', 'contemporary post-bop', 'hard bop', 'jazz', 'jazz drums']",31,21206
237,Junior,50WX9Z5fkIxAzZ4wMeCw0O,Milt Jackson,23i8EixXKG0EWGRCfHlUGN,The Birth Of Bop: The Savoy 10-Inch LP Collection,2023-02-10,153692,False,5,0,2024-11-06,0.482,0.607,7,-6.365,0,0.0348,0.922,0.522,0.108,0.614,82.286,4,"['bebop', 'contemporary post-bop', 'hard bop', 'jazz', 'jazz vibraphone', 'soul jazz']",40,38195
238,La Rue,5579GJxRA3oem8sw8xZpeK,Kenny Dorham,2fMvylhnE23sAlyePKK8er,"Modern Jazz - Hard Bop, Vol. 5",2022-04-29,269800,False,1,0,2024-11-06,0.448,0.272,5,-10.993,0,0.0289,0.869,0.904,0.0974,0.426,68.442,4,"['bebop', 'hard bop', 'jazz', 'jazz trumpet']",46,83525
239,Stealin' Trash,0X6IBRWuCuaB82RE1nl6O2,"Eddie ""Lockjaw"" Davis",0gNn3uUyIEErdQthThI51i,The Birth Of Bop: The Savoy 10-Inch LP Collection,2023-02-10,163765,False,3,0,2024-11-06,0.539,0.681,8,-3.992,1,0.0512,0.78,0.174,0.378,0.741,99.83,4,"['hard bop', 'jazz saxophone', 'soul jazz']",28,16412
240,Skate Or Die,7e59jvTsSfrzhJhTBCKsIE,Os Cabeloduro,3V7AjVIu9eo72SZbD3ROVM,Brasília Hardcore Mixtapes Volume 2 - Rorizkrieg Bop,2016-11-02,149054,True,1,2,2024-11-06,0.661,0.96,9,-0.974,1,0.0488,0.00442,0.0,0.126,0.642,108.004,4,"['brazilian hardcore', 'brazilian punk', 'brazilian punk rock']",23,5617
241,Boplicity,2kWNCSkGJez9FMettpCz08,Miles Davis,0kbYTNQb4Pb1rPbbaF0pT4,The Conception of Cool,2011-01-01,181813,False,8,0,2024-11-06,0.475,0.25,5,-12.045,1,0.0384,0.934,0.144,0.064,0.449,136.557,4,"['cool jazz', 'hard bop', 'jazz', 'jazz fusion', 'jazz trumpet', 'soul', 'vocal jazz']",64,2594975
242,Professor Bop,0ynipwqUP14h908LuY41X7,Sonny Rollins Quartet,2mlKlEmxOO3vb6DqopDh4H,Modern Jazz,2019-02-20,144776,False,5,0,2024-11-06,0.684,0.382,5,-10.872,0,0.0446,0.894,0.00798,0.375,0.894,100.152,4,"['bebop', 'hard bop', 'jazz', 'jazz quartet']",35,13599
243,Oo Bop Sh'bam - Original,5MpgLX48SZHOfiQR1odHyj,Miles Davis,0kbYTNQb4Pb1rPbbaF0pT4,The Essential Miles Davis,2012-11-12,186000,False,10,0,2024-11-06,0.486,0.541,10,-7.886,1,0.0597,0.792,0.959,0.181,0.81,79.455,4,"['cool jazz', 'hard bop', 'jazz', 'jazz fusion', 'jazz trumpet', 'soul', 'vocal jazz']",64,2594975
244,Don't Sing Me The Blues (Take 1),0EQbpGn40OcWcKXlXTZ3TI,Miles Davis,0kbYTNQb4Pb1rPbbaF0pT4,Bopping The Blues,1988,177879,False,1,0,2024-11-06,0.596,0.202,8,-12.265,1,0.0651,0.963,0.0311,0.138,0.603,87.303,4,"['cool jazz', 'hard bop', 'jazz', 'jazz fusion', 'jazz trumpet', 'soul', 'vocal jazz']",64,2594975
245,Don't Sing Me The Blues/T2,19nqrm9S5dOuROKzFITa0H,Miles Davis,0kbYTNQb4Pb1rPbbaF0pT4,Bopping The Blues,1988-12-31,176412,False,2,0,2024-11-06,0.715,0.159,8,-16.352,1,0.0765,0.829,1.4e-05,0.112,0.769,88.152,4,"['cool jazz', 'hard bop', 'jazz', 'jazz fusion', 'jazz trumpet', 'soul', 'vocal jazz']",64,2594975
246,Don't Explain To Me Baby (Take 4),1aXP9PtyMF2MJeHiCnK79t,Miles Davis,0kbYTNQb4Pb1rPbbaF0pT4,Bopping The Blues,1988,176879,False,9,0,2024-11-06,0.587,0.237,3,-9.77,1,0.0915,0.946,0.142,0.11,0.622,88.534,4,"['cool jazz', 'hard bop', 'jazz', 'jazz fusion', 'jazz trumpet', 'soul', 'vocal jazz']",64,2594975
247,Baby Won't You Make Up Your Mind/T3,1v8Uce7tjqUsB48Jg5xDut,Miles Davis,0kbYTNQb4Pb1rPbbaF0pT4,Bopping The Blues,1988-12-31,192572,False,12,0,2024-11-06,0.589,0.071,6,-17.519,0,0.0387,0.888,0.0,0.0867,0.295,73.974,4,"['cool jazz', 'hard bop', 'jazz', 'jazz fusion', 'jazz trumpet', 'soul', 'vocal jazz']",64,2594975
248,Don't Explain To Me Baby (Take 2),625zqvTAU4CCGBMS07QMJb,Miles Davis,0kbYTNQb4Pb1rPbbaF0pT4,Bopping The Blues,1988,174879,False,7,0,2024-11-06,0.632,0.235,3,-10.277,1,0.049,0.972,0.0576,0.101,0.84,89.438,4,"['cool jazz', 'hard bop', 'jazz', 'jazz fusion', 'jazz trumpet', 'soul', 'vocal jazz']",64,2594975
249,Don't Sing Me The Blues/T1,7JIzuZjM5OrPn4AMiZZgh1,Miles Davis,0kbYTNQb4Pb1rPbbaF0pT4,Bopping The Blues,1988-12-31,177279,False,1,0,2024-11-06,0.599,0.129,8,-17.471,1,0.0697,0.836,1.5e-05,0.115,0.683,87.679,4,"['cool jazz', 'hard bop', 'jazz', 'jazz fusion', 'jazz trumpet', 'soul', 'vocal jazz']",64,2594975
250,Don't Explain To Me Baby/T3,0pbSwokVsbw5xR3o5kbXug,Miles Davis,0kbYTNQb4Pb1rPbbaF0pT4,Bopping The Blues,1988-12-31,177786,False,8,0,2024-11-06,0.682,0.161,8,-15.572,1,0.0694,0.834,5.15e-06,0.327,0.76,86.71,5,"['cool jazz', 'hard bop', 'jazz', 'jazz fusion', 'jazz trumpet', 'soul', 'vocal jazz']",64,2594975
251,Baby Won't You Make Up Your Mind/T1,2u9PibnmXaZVhKGVRmHREX,Miles Davis,0kbYTNQb4Pb1rPbbaF0pT4,Bopping The Blues,1988-12-31,178812,False,10,0,2024-11-06,0.573,0.103,10,-15.609,0,0.0416,0.845,0.0,0.0623,0.43,81.156,4,"['cool jazz', 'hard bop', 'jazz', 'jazz fusion', 'jazz trumpet', 'soul', 'vocal jazz']",64,2594975
252,Baby Won't You Make Up Your Mind/T2,1sCRAznsvinRJQlSf0gKFT,Miles Davis,0kbYTNQb4Pb1rPbbaF0pT4,Bopping The Blues,1988-12-31,178919,False,11,0,2024-11-06,0.646,0.0863,8,-16.622,1,0.045,0.847,0.0,0.0521,0.424,80.388,4,"['cool jazz', 'hard bop', 'jazz', 'jazz fusion', 'jazz trumpet', 'soul', 'vocal jazz']",64,2594975
253,Don't Explain To Me Baby (Take 1),3L5ZbNWpMOeXgzBNqmiEBb,Miles Davis,0kbYTNQb4Pb1rPbbaF0pT4,Bopping The Blues,1988,186186,False,6,0,2024-11-06,0.691,0.225,10,-10.755,0,0.0533,0.961,0.0956,0.0682,0.784,83.097,4,"['cool jazz', 'hard bop', 'jazz', 'jazz fusion', 'jazz trumpet', 'soul', 'vocal jazz']",64,2594975
254,I've Always Got The Blues/T1,5tDtZ7CaLwRiEcUD6Fsqd6,Miles Davis,0kbYTNQb4Pb1rPbbaF0pT4,Bopping The Blues,1988-12-31,139146,False,3,0,2024-11-06,0.574,0.211,5,-14.388,1,0.0807,0.831,0.00319,0.224,0.833,149.147,3,"['cool jazz', 'hard bop', 'jazz', 'jazz fusion', 'jazz trumpet', 'soul', 'vocal jazz']",64,2594975
255,Don't Explain To Me Baby (Take 2),625zqvTAU4CCGBMS07QMJb,Miles Davis,0kbYTNQb4Pb1rPbbaF0pT4,Bopping The Blues,1988,174879,False,7,0,2024-11-06,0.632,0.235,3,-10.277,1,0.049,0.972,0.0576,0.101,0.84,89.438,4,"['cool jazz', 'hard bop', 'jazz', 'jazz fusion', 'jazz trumpet', 'soul', 'vocal jazz']",64,2594975
256,Don't Explain To Me Baby (Take 3),6uUPYPFDj6z7O9TC85de9h,Miles Davis,0kbYTNQb4Pb1rPbbaF0pT4,Bopping The Blues,1988,177639,False,8,0,2024-11-06,0.642,0.261,3,-10.172,1,0.0723,0.959,0.0156,0.178,0.796,86.705,5,"['cool jazz', 'hard bop', 'jazz', 'jazz fusion', 'jazz trumpet', 'soul', 'vocal jazz']",64,2594975
257,Don't Sing Me The Blues/T2,19nqrm9S5dOuROKzFITa0H,Miles Davis,0kbYTNQb4Pb1rPbbaF0pT4,Bopping The Blues,1988-12-31,176412,False,2,0,2024-11-06,0.715,0.159,8,-16.352,1,0.0765,0.829,1.4e-05,0.112,0.769,88.152,4,"['cool jazz', 'hard bop', 'jazz', 'jazz fusion', 'jazz trumpet', 'soul', 'vocal jazz']",64,2594975
258,I've Always Got The Blues (Take 1),1sM8HgZdNriN7jhaGRYzTX,Miles Davis,0kbYTNQb4Pb1rPbbaF0pT4,Bopping The Blues,1988,139106,False,3,0,2024-11-06,0.576,0.318,5,-8.705,1,0.0894,0.92,0.00952,0.113,0.764,146.425,3,"['cool jazz', 'hard bop', 'jazz', 'jazz fusion', 'jazz trumpet', 'soul', 'vocal jazz']",64,2594975
259,Don't Explain To Me Baby/T4,2yWuBsiOaPG45GAd1TGFN1,Miles Davis,0kbYTNQb4Pb1rPbbaF0pT4,Bopping The Blues,1988-12-31,176439,False,9,0,2024-11-06,0.614,0.145,8,-14.909,1,0.0775,0.809,4.88e-05,0.125,0.754,90.677,4,"['cool jazz', 'hard bop', 'jazz', 'jazz fusion', 'jazz trumpet', 'soul', 'vocal jazz']",64,2594975
260,"Baby, Won't You Make Up Your Mind (Take 1)",4I4DyROW2fdeuglTvngiwP,Miles Davis,0kbYTNQb4Pb1rPbbaF0pT4,Bopping The Blues,1988,178652,False,10,0,2024-11-06,0.663,0.181,1,-10.039,1,0.0383,0.947,4.24e-06,0.075,0.373,81.542,4,"['cool jazz', 'hard bop', 'jazz', 'jazz fusion', 'jazz trumpet', 'soul', 'vocal jazz']",64,2594975
261,Don't Sing Me The Blues (Take 2),40Me2RnxXHTWMqBbzNzbsK,Miles Davis,0kbYTNQb4Pb1rPbbaF0pT4,Bopping The Blues,1988,176546,False,2,0,2024-11-06,0.71,0.248,8,-11.37,1,0.0696,0.939,0.0153,0.11,0.755,88.164,4,"['cool jazz', 'hard bop', 'jazz', 'jazz fusion', 'jazz trumpet', 'soul', 'vocal jazz']",64,2594975
262,I've Always Got The Blues (Take 3),69aXeWsrzHggNtZVQ1BCuo,Miles Davis,0kbYTNQb4Pb1rPbbaF0pT4,Bopping The Blues,1988,172479,False,5,0,2024-11-06,0.613,0.348,2,-8.491,0,0.0766,0.905,0.00286,0.0945,0.817,145.876,4,"['cool jazz', 'hard bop', 'jazz', 'jazz fusion', 'jazz trumpet', 'soul', 'vocal jazz']",64,2594975
263,Don't Explain To Me Baby/T1,4kA5fuQq0M3xgddYoSY8UE,Miles Davis,0kbYTNQb4Pb1rPbbaF0pT4,Bopping The Blues,1988-12-31,186119,False,6,0,2024-11-06,0.675,0.135,10,-16.311,0,0.0781,0.86,8.89e-05,0.0566,0.756,83.103,4,"['cool jazz', 'hard bop', 'jazz', 'jazz fusion', 'jazz trumpet', 'soul', 'vocal jazz']",64,2594975
264,Baby Won't You Make Up Your Mind/T3,1v8Uce7tjqUsB48Jg5xDut,Miles Davis,0kbYTNQb4Pb1rPbbaF0pT4,Bopping The Blues,1988-12-31,192572,False,12,0,2024-11-06,0.589,0.071,6,-17.519,0,0.0387,0.888,0.0,0.0867,0.295,73.974,4,"['cool jazz', 'hard bop', 'jazz', 'jazz fusion', 'jazz trumpet', 'soul', 'vocal jazz']",64,2594975
265,"Baby, Won't You Make Up Your Mind (Take 2)",7J5LF77ita6CTwH0HMFKa1,Miles Davis,0kbYTNQb4Pb1rPbbaF0pT4,Bopping The Blues,1988,179012,False,11,0,2024-11-06,0.613,0.156,3,-11.127,1,0.0432,0.962,6.46e-05,0.103,0.379,80.836,4,"['cool jazz', 'hard bop', 'jazz', 'jazz fusion', 'jazz trumpet', 'soul', 'vocal jazz']",64,2594975
266,I've Always Got The Blues (Take 2),7AF8LsXYkEN9fjARfMNyMz,Miles Davis,0kbYTNQb4Pb1rPbbaF0pT4,Bopping The Blues,1988,191679,False,4,0,2024-11-06,0.639,0.248,5,-9.344,1,0.0593,0.949,0.0926,0.0668,0.759,130.782,4,"['cool jazz', 'hard bop', 'jazz', 'jazz fusion', 'jazz trumpet', 'soul', 'vocal jazz']",64,2594975
267,These Foolish Things,5ig0MD0hqtSkrBeXosZrCM,Johnny Griffin,52cM6vrM4MJ8g4H7Ibo5fZ,"Legendary Bop, Rhythm & Blues Classics: Johnny Griffin (Digitally Remastered)",2010-01-19,216826,False,7,0,2024-11-06,0.526,0.196,3,-13.397,1,0.0446,0.94,0.549,0.113,0.486,94.608,3,"['hard bop', 'jazz saxophone']",35,24068
268,Be-Bop,2OFAWWpWqbQ7i4OyzyX1EC,Sonny Clark,1Sc9ykJB728MAZab1Ocwy8,Nica,2021-05-06,592720,False,10,0,2024-11-06,0.479,0.42,0,-15.175,0,0.034,0.774,6.38e-05,0.332,0.855,152.985,4,"['bebop', 'contemporary post-bop', 'hard bop', 'jazz', 'jazz piano']",45,59475
269,Lollypop,2XNEK7skiE0G6TvkkNs6is,Johnny Griffin,52cM6vrM4MJ8g4H7Ibo5fZ,"Legendary Bop, Rhythm & Blues Classics: Johnny Griffin (Digitally Remastered)",2010-01-19,183240,False,8,0,2024-11-06,0.464,0.543,5,-8.017,1,0.0374,0.651,0.0705,0.0444,0.657,173.296,4,"['hard bop', 'jazz saxophone']",35,24068
270,Bees-Ees,3zJWj42uUIay4KPmmJfyPO,Johnny Griffin,52cM6vrM4MJ8g4H7Ibo5fZ,"Legendary Bop, Rhythm & Blues Classics: Johnny Griffin (Digitally Remastered)",2010-01-19,232533,False,5,0,2024-11-06,0.63,0.422,0,-8.195,0,0.0407,0.689,0.697,0.0775,0.529,75.14,4,"['hard bop', 'jazz saxophone']",35,24068
271,Yesterdays,0ucxP00BjFQrrPYtiQHuPr,Johnny Griffin,52cM6vrM4MJ8g4H7Ibo5fZ,"Legendary Bop, Rhythm & Blues Classics: Johnny Griffin (Digitally Remastered)",2010-01-19,151213,False,3,0,2024-11-06,0.534,0.244,2,-10.642,0,0.0357,0.942,0.964,0.0958,0.331,131.581,4,"['hard bop', 'jazz saxophone']",35,24068
272,Riff Raff,5CvH7ZimVKylGm79ncZTFG,Johnny Griffin,52cM6vrM4MJ8g4H7Ibo5fZ,"Legendary Bop, Rhythm & Blues Classics: Johnny Griffin (Digitally Remastered)",2010-01-19,190720,False,4,0,2024-11-06,0.645,0.384,2,-9.456,0,0.046,0.876,0.783,0.311,0.53,99.219,4,"['hard bop', 'jazz saxophone']",35,24068
273,Satin Wrap,4bPqKAtAxouKTe1rEHqzAO,Johnny Griffin,52cM6vrM4MJ8g4H7Ibo5fZ,"Legendary Bop, Rhythm & Blues Classics: Johnny Griffin (Digitally Remastered)",2010-01-19,185200,False,2,0,2024-11-06,0.581,0.407,10,-7.868,1,0.0342,0.824,0.826,0.0758,0.55,145.864,4,"['hard bop', 'jazz saxophone']",35,24068
274,I Cried For You,4WVsaauXkhgMpxWE7F56KO,Johnny Griffin,52cM6vrM4MJ8g4H7Ibo5fZ,"Legendary Bop, Rhythm & Blues Classics: Johnny Griffin (Digitally Remastered)",2010-01-19,217306,False,1,0,2024-11-06,0.578,0.325,5,-9.055,1,0.034,0.868,0.685,0.0816,0.57,146.91,4,"['hard bop', 'jazz saxophone']",35,24068
275,The Boy Next Door,7M9kvG1DSsvJ5ifxXylVn7,Johnny Griffin,52cM6vrM4MJ8g4H7Ibo5fZ,"Legendary Bop, Rhythm & Blues Classics: Johnny Griffin (Digitally Remastered)",2010-01-19,198053,False,6,0,2024-11-06,0.624,0.193,5,-10.763,1,0.0407,0.925,0.767,0.108,0.379,62.171,4,"['hard bop', 'jazz saxophone']",35,24068
276,I've Always Got The Blues (Take 2),17xw5efcv0z8ncVFaJ6j7u,Miles Davis,0kbYTNQb4Pb1rPbbaF0pT4,HIP JAZZ BOP - No Time For Poetry: Jazz Essentials By Jazz Greats,1995-06-14,188212,False,10,0,2024-11-06,0.679,0.195,2,-9.819,0,0.0542,0.88,0.0481,0.0738,0.827,128.604,4,"['cool jazz', 'hard bop', 'jazz', 'jazz fusion', 'jazz trumpet', 'soul', 'vocal jazz']",64,2594975
277,An Oscar For Oscar (Take 4),1Jtj5zaGmOcsT0dVQGg0zy,Kenny Dorham,2fMvylhnE23sAlyePKK8er,HIP JAZZ BOP - No Time For Poetry: Jazz Essentials By Jazz Greats,1995-06-14,457146,False,2,0,2024-11-06,0.499,0.29,5,-17.375,1,0.0479,0.7,0.00251,0.128,0.729,115.865,4,"['bebop', 'hard bop', 'jazz', 'jazz trumpet']",46,83525
278,Out Of This World,4QRVU0IFr3GeRy4d7Bx8vY,Donald Byrd,3ZUZYvTkSr7kJQyAXVpqaL,HIP JAZZ BOP - Freedom on the March: Jazz Essentials By Jazz Greats,2002-10-31,436012,False,6,0,2024-11-06,0.492,0.208,5,-17.129,0,0.0346,0.928,0.0697,0.305,0.422,131.707,4,"['bebop', 'hard bop', 'jazz', 'jazz funk', 'jazz trumpet', 'soul jazz']",49,137588
279,Sophisticated Lady,6PAvCgXCG6mZelmvovdYwC,Johnny Griffin,52cM6vrM4MJ8g4H7Ibo5fZ,HIP JAZZ BOP - Be Your Own Boss: Jazz Essentials By Jazz Greats,2002-10-31,354279,False,4,0,2024-11-06,0.422,0.0544,8,-26.315,1,0.0596,0.875,0.498,0.732,0.228,169.071,3,"['hard bop', 'jazz saxophone']",35,24068
280,Lex (Take 4),3jtHoW16mkfNlTxqJ2HWJ5,Freddie Hubbard,0fTHKjepK5HWOrb2rkS5Em,HIP JAZZ BOP - Batteries Not Included: Jazz Essentials By Jazz Greats,1995-06-14,351972,False,1,0,2024-11-06,0.565,0.434,5,-11.426,0,0.0491,0.26,0.00219,0.0577,0.733,113.107,4,"['bebop', 'contemporary post-bop', 'hard bop', 'jazz', 'jazz trumpet']",43,176571
281,Soul Support (Take 2),7tUNgDjdMtFD5n2sYd7Oz0,Kenny Dorham,2fMvylhnE23sAlyePKK8er,HIP JAZZ BOP - Tourist Season: Jazz Essentials By Jazz Greats,1995-06-14,313479,False,8,0,2024-11-06,0.663,0.221,5,-16.955,0,0.0446,0.631,2.69e-06,0.15,0.435,122.0,4,"['bebop', 'hard bop', 'jazz', 'jazz trumpet']",46,83525
282,Number Five (Take 5),6LzRq7FwkLvg25PY15y48W,Freddie Hubbard,0fTHKjepK5HWOrb2rkS5Em,HIP JAZZ BOP - Need A Guide?: Jazz Essentials By Jazz Greats,1995-06-14,231506,False,2,0,2024-11-06,0.386,0.383,8,-10.922,1,0.0518,0.283,0.00398,0.132,0.641,173.32,4,"['bebop', 'contemporary post-bop', 'hard bop', 'jazz', 'jazz trumpet']",43,176571
283,Just Friends,1LQLLRIKDV1RYR0vmi0bwZ,Kenny Dorham,2fMvylhnE23sAlyePKK8er,HIP JAZZ BOP - Practicing The Rhythm Method: Jazz Essentials By Jazz Greats,2002-10-31,223679,False,2,0,2024-11-06,0.547,0.224,8,-21.225,1,0.0416,0.84,0.549,0.0796,0.42,160.011,4,"['bebop', 'hard bop', 'jazz', 'jazz trumpet']",46,83525
284,Blues In The Closet,0trYiWths12tKstk3mbrMz,Bud Powell,570vCzcespB48HIQyTbDO6,HIP JAZZ BOP - Chaos Out Of Order: Jazz Essentials By Jazz Greats,1995-06-14,327212,False,9,0,2024-11-06,0.495,0.232,7,-17.685,1,0.132,0.51,0.000196,0.962,0.576,199.866,4,"['bebop', 'hard bop', 'jazz', 'jazz piano']",42,114218
285,I'm An Old Cowhand,2AFb6B3kAyGA5ytCRXXcv3,Duke Pearson,2SZ1e7QHN5jon9tpSpQl44,HIP JAZZ BOP - Freedom on the March: Jazz Essentials By Jazz Greats,2002-10-31,285012,False,2,0,2024-11-06,0.457,0.27,9,-19.666,0,0.0427,0.859,0.000332,0.274,0.76,113.168,4,"['hard bop', 'jazz piano', 'soul jazz']",33,17754
286,Lover Man (Oh Where Can You Be),0aaUgNJxhjzIFaYy33Zrwb,Sonny Stitt,217b0uqAzsOOhGcnoANZqj,HIP JAZZ BOP - The American Dream: Jazz Essentials By Jazz Greats,2002-10-31,321252,False,3,0,2024-11-06,0.436,0.321,3,-9.506,0,0.0329,0.903,0.0809,0.123,0.294,117.649,4,"['bebop', 'hard bop', 'jazz saxophone']",43,60164
287,Stella By Starlight (Take 1),6aP6X6R8TUMrtUFXlqFo2I,Kenny Dorham,2fMvylhnE23sAlyePKK8er,HIP JAZZ BOP - Over A Million Served: Jazz Essentials By Jazz Greats,1995-06-14,303386,False,3,0,2024-11-06,0.534,0.0316,10,-22.293,1,0.0439,0.715,0.283,0.0956,0.112,113.874,4,"['bebop', 'hard bop', 'jazz', 'jazz trumpet']",46,83525
288,Groovin' For Nat,1LLXvKLjMWfL0OSDWdeye8,Donald Byrd,3ZUZYvTkSr7kJQyAXVpqaL,HIP JAZZ BOP - Batteries Not Included: Jazz Essentials By Jazz Greats,1995-06-14,221546,False,10,0,2024-11-06,0.594,0.301,7,-15.454,1,0.0482,0.868,0.00139,0.314,0.634,95.543,4,"['bebop', 'hard bop', 'jazz', 'jazz funk', 'jazz trumpet', 'soul jazz']",49,137588
289,Avars,0K7heBR9oAY8LuXwgBUErN,Kenny Dorham,2fMvylhnE23sAlyePKK8er,HIP JAZZ BOP - Chaos Out Of Order: Jazz Essentials By Jazz Greats,1995-06-14,461679,False,4,0,2024-11-06,0.498,0.345,8,-15.444,1,0.0358,0.278,0.000634,0.36,0.617,106.809,4,"['bebop', 'hard bop', 'jazz', 'jazz trumpet']",46,83525
290,Yesterdays,26PBcfKkv7JEyB79ibf8qT,Bud Powell,570vCzcespB48HIQyTbDO6,HIP JAZZ BOP - Practicing The Rhythm Method: Jazz Essentials By Jazz Greats,2002-10-31,397879,False,6,0,2024-11-06,0.51,0.271,10,-13.799,1,0.0523,0.879,0.251,0.738,0.216,123.114,4,"['bebop', 'hard bop', 'jazz', 'jazz piano']",42,114218
291,Minor Mishap,3MG2F8jWmuxHVw4y4FAls4,Freddie Hubbard,0fTHKjepK5HWOrb2rkS5Em,HIP JAZZ BOP - Not Just Another Pretty Face: Jazz Essentials By Jazz Greats,2002-10-31,268879,False,5,0,2024-11-06,0.466,0.375,10,-15.757,0,0.0562,0.304,1.65e-05,0.351,0.78,111.097,4,"['bebop', 'contemporary post-bop', 'hard bop', 'jazz', 'jazz trumpet']",43,176571
292,Autumn In New York,4MwuQRSCq95CnkvISpFqp6,Sonny Stitt,217b0uqAzsOOhGcnoANZqj,HIP JAZZ BOP -Footprints In The Sand: Jazz Essentials By Jazz Greats,2002-10-31,291612,False,3,0,2024-11-06,0.537,0.292,5,-12.915,0,0.0642,0.985,0.869,0.603,0.429,66.775,4,"['bebop', 'hard bop', 'jazz saxophone']",43,60164
293,Groovin' For Nat,2WBgHPIwZSAsPzoNrg25IA,Donald Byrd,3ZUZYvTkSr7kJQyAXVpqaL,HIP JAZZ BOP -Footprints In The Sand: Jazz Essentials By Jazz Greats,2002-10-31,225786,False,7,0,2024-11-06,0.594,0.263,0,-17.25,1,0.0485,0.933,0.00546,0.199,0.683,95.412,4,"['bebop', 'hard bop', 'jazz', 'jazz funk', 'jazz trumpet', 'soul jazz']",49,137588
294,Hush! (Take 1),4DL9Ev6GxiBxEy3DoSs1tY,Donald Byrd,3ZUZYvTkSr7kJQyAXVpqaL,HIP JAZZ BOP - Wealth Is Overrated: Jazz Essentials By Jazz Greats,1995-06-14,454746,False,10,0,2024-11-06,0.562,0.256,7,-14.321,0,0.0377,0.897,0.0443,0.131,0.589,135.994,4,"['bebop', 'hard bop', 'jazz', 'jazz funk', 'jazz trumpet', 'soul jazz']",49,137588
295,Hot House,2PjDFF1AjEBtGaXMACXLjz,Bud Powell,570vCzcespB48HIQyTbDO6,HIP JAZZ BOP - This Is Your Brain: Jazz Essentials By Jazz Greats,1995-06-14,332012,False,10,0,2024-11-06,0.562,0.416,3,-12.875,0,0.0428,0.54,3.5e-05,0.632,0.798,102.07,4,"['bebop', 'hard bop', 'jazz', 'jazz piano']",42,114218
296,Hello,6bUzNtK9XUBEBLF2naQwZG,Sonny Stitt,217b0uqAzsOOhGcnoANZqj,HIP JAZZ BOP - Tourist Season: Jazz Essentials By Jazz Greats,1995-06-14,419812,False,9,0,2024-11-06,0.326,0.455,0,-11.282,0,0.0568,0.749,7.06e-05,0.278,0.49,170.064,4,"['bebop', 'hard bop', 'jazz saxophone']",43,60164
297,Loverman,0EotBbrclz1ObNoge9fW45,Sonny Stitt,217b0uqAzsOOhGcnoANZqj,HIP JAZZ BOP - Chaos Out Of Order: Jazz Essentials By Jazz Greats,1995-06-14,319786,False,6,0,2024-11-06,0.441,0.246,3,-11.663,0,0.0346,0.88,0.00578,0.125,0.305,114.608,4,"['bebop', 'hard bop', 'jazz saxophone']",43,60164
298,My Romance,2RJquOWxMR6PUlhP1gaIht,Hampton Hawes,6BvSJSt6l7QJO2GHvtwFOK,HIP JAZZ BOP - Batteries Not Included: Jazz Essentials By Jazz Greats,1995-06-14,542399,False,4,0,2024-11-06,0.452,0.351,0,-16.781,0,0.0465,0.666,0.777,0.165,0.189,88.165,4,"['hard bop', 'jazz piano']",27,12919
299,Hush,60zZls20bKOo2U64RKF2Jp,Donald Byrd,3ZUZYvTkSr7kJQyAXVpqaL,HIP JAZZ BOP - The Beginning Of The Wild: Jazz Essentials By Jazz Greats,2002-10-31,377746,False,5,0,2024-11-06,0.473,0.273,7,-14.695,0,0.0465,0.908,0.0309,0.178,0.773,169.269,4,"['bebop', 'hard bop', 'jazz', 'jazz funk', 'jazz trumpet', 'soul jazz']",49,137588
300,Sudel (Take 2),2HsFNiXV2BSq8hqK8l2lY3,Donald Byrd,3ZUZYvTkSr7kJQyAXVpqaL,HIP JAZZ BOP - Over A Million Served: Jazz Essentials By Jazz Greats,1995-06-14,433106,False,9,0,2024-11-06,0.603,0.26,8,-15.585,1,0.0547,0.864,0.349,0.0947,0.774,97.853,4,"['bebop', 'hard bop', 'jazz', 'jazz funk', 'jazz trumpet', 'soul jazz']",49,137588
301,Black Forest,4yWHP7d1HWcos76qub5HNN,Hampton Hawes,6BvSJSt6l7QJO2GHvtwFOK,HIP JAZZ BOP - Chaos Out Of Order: Jazz Essentials By Jazz Greats,1995-06-14,342479,False,8,0,2024-11-06,0.534,0.373,5,-16.2,0,0.0452,0.469,0.00678,0.109,0.624,108.008,4,"['hard bop', 'jazz piano']",27,12919
302,Lover Man,5m0jalDbem2busUgHtzCx3,Sonny Stitt,217b0uqAzsOOhGcnoANZqj,HIP JAZZ BOP - Cut And Run: Jazz Essentials By Jazz Greats,2002-10-31,321252,False,2,0,2024-11-06,0.436,0.321,3,-9.506,0,0.0329,0.903,0.0809,0.123,0.294,117.649,4,"['bebop', 'hard bop', 'jazz saxophone']",43,60164
303,Why Not? (Take 1),06d0VYYf3LU4ESm87uNim5,Kenny Dorham,2fMvylhnE23sAlyePKK8er,HIP JAZZ BOP - Need A Guide?: Jazz Essentials By Jazz Greats,1995-06-14,442572,False,7,0,2024-11-06,0.447,0.311,7,-17.123,0,0.0302,0.326,3.24e-05,0.133,0.549,101.869,4,"['bebop', 'hard bop', 'jazz', 'jazz trumpet']",46,83525
304,Minor Mishap (Take 3),3qqkzG0B3I4RTV7hUYfqH0,Freddie Hubbard,0fTHKjepK5HWOrb2rkS5Em,HIP JAZZ BOP - This Is Your Brain: Jazz Essentials By Jazz Greats,1995-06-14,268012,False,2,0,2024-11-06,0.462,0.498,5,-10.844,0,0.0492,0.187,0.000352,0.349,0.741,109.999,4,"['bebop', 'contemporary post-bop', 'hard bop', 'jazz', 'jazz trumpet']",43,176571
305,Grand Street (Take 3),6SJ3dOCEcbW1HHSRLVUppe,Kenny Dorham,2fMvylhnE23sAlyePKK8er,HIP JAZZ BOP - Not Your Typical Self Made Man: Jazz Essentials By Jazz Greats,1995-06-14,360012,False,10,0,2024-11-06,0.683,0.192,7,-17.578,0,0.0373,0.56,1.17e-05,0.134,0.566,130.92,4,"['bebop', 'hard bop', 'jazz', 'jazz trumpet']",46,83525
306,Don't Sing Me The Blues,6TRvKFaMwA0qpFGtjDYIqe,Miles Davis,0kbYTNQb4Pb1rPbbaF0pT4,HIP JAZZ BOP - The Beginning Of The Wild: Jazz Essentials By Jazz Greats,2002-10-31,177879,False,4,0,2024-11-06,0.59,0.202,8,-12.265,1,0.0649,0.963,0.0311,0.138,0.603,87.183,4,"['cool jazz', 'hard bop', 'jazz', 'jazz fusion', 'jazz trumpet', 'soul', 'vocal jazz']",64,2594975
307,Mo' Joe,7JUbOUOpvvX9G2fXoSvp7D,Philly Joe Jones,4WhH68K75YKSAwHAqWFpi1,HIP JAZZ BOP - Evolution Works: Jazz Essentials By Jazz Greats,2002-10-31,273839,False,5,0,2024-11-06,0.465,0.576,5,-11.113,0,0.0784,0.536,0.00555,0.0409,0.778,146.271,4,"['bebop', 'hard bop', 'jazz drums']",48,16308
308,Jeannine (Take 1),4DmQIcLakuqkgPjPTVxpzf,Duke Pearson,2SZ1e7QHN5jon9tpSpQl44,HIP JAZZ BOP - Need A Guide?: Jazz Essentials By Jazz Greats,1995-06-14,331279,False,1,0,2024-11-06,0.497,0.252,1,-18.306,1,0.0469,0.646,6.37e-05,0.0453,0.712,119.875,4,"['hard bop', 'jazz piano', 'soul jazz']",33,17754
309,Bags Groove,6adsOWb73H9mlgBbplFiG4,Duke Pearson,2SZ1e7QHN5jon9tpSpQl44,HIP JAZZ BOP - Chaos Out Of Order: Jazz Essentials By Jazz Greats,1995-06-14,303012,False,7,0,2024-11-06,0.482,0.217,5,-18.299,0,0.0339,0.798,1.25e-05,0.131,0.537,101.171,4,"['hard bop', 'jazz piano', 'soul jazz']",33,17754
310,Apothegm,3gO5qjQ2VBDRKPKqXfeHoY,Freddie Hubbard,0fTHKjepK5HWOrb2rkS5Em,HIP JAZZ BOP - Wealth Is Overrated: Jazz Essentials By Jazz Greats,1995-06-14,331252,False,7,0,2024-11-06,0.51,0.282,5,-14.893,0,0.0468,0.355,0.00011,0.0881,0.56,74.508,4,"['bebop', 'contemporary post-bop', 'hard bop', 'jazz', 'jazz trumpet']",43,176571
311,The Nearness Of You,5QUYRXq8D9g3zFJFTT62xt,Freddie Hubbard,0fTHKjepK5HWOrb2rkS5Em,HIP JAZZ BOP - Freedom on the March: Jazz Essentials By Jazz Greats,2002-10-31,306919,False,9,0,2024-11-06,0.571,0.131,10,-18.09,1,0.0422,0.935,0.000135,0.134,0.589,113.771,4,"['bebop', 'contemporary post-bop', 'hard bop', 'jazz', 'jazz trumpet']",43,176571
312,Time After Time,1PnXVTLv7ImTTf0j7bs0Td,Freddie Hubbard,0fTHKjepK5HWOrb2rkS5Em,HIP JAZZ BOP - Evolution Works: Jazz Essentials By Jazz Greats,2002-10-31,415012,False,7,0,2024-11-06,0.353,0.0566,2,-22.41,0,0.042,0.983,0.857,0.111,0.305,59.934,4,"['bebop', 'contemporary post-bop', 'hard bop', 'jazz', 'jazz trumpet']",43,176571
313,Bag's Groove,6ZBswlIkN1NCYeCmTF8czk,Duke Pearson,2SZ1e7QHN5jon9tpSpQl44,HIP JAZZ BOP - Be Your Own Boss: Jazz Essentials By Jazz Greats,2002-10-31,302172,False,6,0,2024-11-06,0.456,0.183,5,-20.7,0,0.0344,0.875,0.000926,0.104,0.555,101.37,4,"['hard bop', 'jazz piano', 'soul jazz']",33,17754
314,Sophisticated Lady,3oyHzCsxYr5uRV7tRR6c3T,Johnny Griffin,52cM6vrM4MJ8g4H7Ibo5fZ,HIP JAZZ BOP - No Time For Poetry: Jazz Essentials By Jazz Greats,1995-06-14,355146,False,8,0,2024-11-06,0.523,0.103,8,-20.804,1,0.0534,0.847,0.388,0.686,0.227,133.305,5,"['hard bop', 'jazz saxophone']",35,24068
315,West 42Nd Street,20YTz7V93IhfaLaeQMnpEc,Kenny Dorham,2fMvylhnE23sAlyePKK8er,HIP JAZZ BOP - Wealth Is Overrated: Jazz Essentials By Jazz Greats,1995-06-14,229879,False,1,0,2024-11-06,0.577,0.372,10,-15.925,0,0.036,0.281,6.47e-05,0.263,0.547,106.134,4,"['bebop', 'hard bop', 'jazz', 'jazz trumpet']",46,83525
316,Night Work,42PtIGDbK6qE3kW9Wun5Nr,Sonny Stitt,217b0uqAzsOOhGcnoANZqj,HIP JAZZ BOP - This Is Your Brain: Jazz Essentials By Jazz Greats,1995-06-14,451146,False,1,0,2024-11-06,0.411,0.57,8,-10.397,0,0.0677,0.796,8.19e-05,0.323,0.613,120.74,4,"['bebop', 'hard bop', 'jazz saxophone']",43,60164
317,Don't Explain It To Me Baby,1tKc49H8W45tFzmmbPXlyk,Miles Davis,0kbYTNQb4Pb1rPbbaF0pT4,HIP JAZZ BOP -Footprints In The Sand: Jazz Essentials By Jazz Greats,2002-10-31,186186,False,5,0,2024-11-06,0.691,0.225,10,-10.755,0,0.0533,0.961,0.0956,0.0682,0.784,83.097,4,"['cool jazz', 'hard bop', 'jazz', 'jazz fusion', 'jazz trumpet', 'soul', 'vocal jazz']",64,2594975
318,Shaw Nuff,7yJnCRFsodyRVXNObifmXM,Bud Powell,570vCzcespB48HIQyTbDO6,HIP JAZZ BOP - Tourist Season: Jazz Essentials By Jazz Greats,1995-06-14,200012,False,1,0,2024-11-06,0.35,0.4,7,-14.34,0,0.0401,0.324,0.00724,0.105,0.854,105.143,3,"['bebop', 'hard bop', 'jazz', 'jazz piano']",42,114218
319,"Baby, Won't You Make Up Your Mind (Take 3)",5Bbwnda2041uIcQGUl1R3o,Miles Davis,0kbYTNQb4Pb1rPbbaF0pT4,HIP JAZZ BOP - Over A Million Served: Jazz Essentials By Jazz Greats,1995-06-14,193412,False,6,0,2024-11-06,0.632,0.113,8,-11.642,1,0.0454,0.911,0.0,0.0959,0.29,74.163,4,"['cool jazz', 'hard bop', 'jazz', 'jazz fusion', 'jazz trumpet', 'soul', 'vocal jazz']",64,2594975
320,Blue Rhythm Be-bop,66pDe5WSnAM10g8Pr2lInH,Lucky Thompson,6cvs1RggkRFSyKPVCBT3cx,The Ultimate Jazz Archive 22 (4 Of 4),2007-02-18,182719,False,19,0,2024-11-06,0.542,0.348,3,-9.747,1,0.103,0.921,0.921,0.708,0.861,157.866,4,"['bebop', 'hard bop', 'soul jazz']",21,7652
